category	variant_id	gene	variation_id	clinvar_significance	train_models	training_ensg	released_ensg
absent_not_in_training	1-109621257-G-A	AMPD2	1098760	Benign/Likely benign	""	""	""
absent_not_in_training	1-11022268-G-A	TARDBP	21483	Pathogenic/Likely pathogenic	""	""	""
absent_not_in_training	1-11846011-A-G	NPPA	226855	Benign	""	""	""
absent_not_in_training	1-150796836-C-T	CTSK	649051	Pathogenic/Likely pathogenic	""	""	""
absent_not_in_training	1-150796863-A-G	CTSK	8426	Pathogenic/Likely pathogenic	""	""	""
absent_not_in_training	1-154273893-G-A	HAX1	748927	Likely benign	""	""	""
absent_not_in_training	1-154588125-C-T	ADAR	39458	Pathogenic/Likely pathogenic	""	""	""
absent_not_in_training	1-155613505-T-C	MSTO1	711293	Benign/Likely benign	""	""	""
absent_not_in_training	1-155613694-C-T	MSTO1	1286450	Benign/Likely benign	""	""	""
absent_not_in_training	1-155614151-G-A	MSTO1	1290043	Benign	""	""	""
absent_not_in_training	1-156293154-G-C	GLMP	770493	Benign	""	""	""
absent_not_in_training	1-156594013-G-A	NAXE	726238	Benign	""	""	""
absent_not_in_training	1-161222407-A-T	APOA2	2690543	Likely pathogenic	""	""	""
absent_not_in_training	1-161314425-G-A	SDHC	1351620	Likely pathogenic	""	""	""
absent_not_in_training	1-16986334-C-T	ATP13A2	128474	Benign/Likely benign	""	""	""
absent_not_in_training	1-206902976-T-G	IL24	770860	Benign	""	""	""
absent_not_in_training	1-21560683-C-T	ALPL	975919	Pathogenic/Likely pathogenic	""	""	""
absent_not_in_training	1-226071394-A-G	H3-3A	985263	Likely pathogenic	""	""	""
absent_not_in_training	1-235414438-C-T	TBCE	593372	Likely benign	""	""	""
absent_not_in_training	1-244053818-A-G	ZBTB18	4070586	Pathogenic/Likely pathogenic	""	""	""
absent_not_in_training	1-26797615-C-A	PIGV	985880	Likely pathogenic	""	""	""
absent_not_in_training	1-33014560-C-T	AK2	702342	Benign/Likely benign	""	""	""
absent_not_in_training	1-45329371-G-T	MUTYH	41756	Benign/Likely benign	""	""	""
absent_not_in_training	1-45332791-C-T	MUTYH	141595	Pathogenic/Likely pathogenic	""	""	""
absent_not_in_training	1-45332795-G-A	MUTYH	187280	Pathogenic/Likely pathogenic	""	""	""
absent_not_in_training	1-92476153-T-C	GFI1	8739	Pathogenic	""	""	""
absent_not_in_training	10-1129240-G-T	WDR37	3190009	Likely benign	""	""	""
absent_not_in_training	10-113729393-C-G	CASP7	1246573	Benign	""	""	""
absent_not_in_training	10-27812526-C-A	ODAD2	417179	Benign	""	""	""
absent_not_in_training	10-49515970-C-T	ERCC6	1266989	Benign	""	""	""
absent_not_in_training	10-49516270-C-T	ERCC6	1194021	Benign/Likely benign	""	""	""
absent_not_in_training	10-53810587-C-T	PCDH15	227001	Benign	""	""	""
absent_not_in_training	10-53822019-T-C	PCDH15	46507	Benign	""	""	""
absent_not_in_training	10-53822169-T-G	PCDH15	177747	Benign/Likely benign	""	""	""
absent_not_in_training	10-53822328-C-T	PCDH15	46499	Benign/Likely benign	""	""	""
absent_not_in_training	10-53822367-G-A	PCDH15	46498	Benign/Likely benign	""	""	""
absent_not_in_training	10-53822876-T-C	PCDH15	46484	Benign/Likely benign	""	""	""
absent_not_in_training	10-53822914-C-A	PCDH15	227009	Benign/Likely benign	""	""	""
absent_not_in_training	10-53822993-A-G	PCDH15	178520	Likely benign	""	""	""
absent_not_in_training	10-53823263-T-C	PCDH15	227840	Likely benign	""	""	""
absent_not_in_training	10-69295658-T-C	HK1	994196	Benign/Likely benign	""	""	""
absent_not_in_training	10-70598940-C-T	PRF1	976231	Pathogenic/Likely pathogenic	""	""	""
absent_not_in_training	10-70599027-G-A	PRF1	2678052	Pathogenic/Likely pathogenic	""	""	""
absent_not_in_training	10-70599055-G-T	PRF1	280112	Pathogenic/Likely pathogenic	""	""	""
absent_not_in_training	10-70599062-C-T	PRF1	802582	Pathogenic/Likely pathogenic	""	""	""
absent_not_in_training	10-70599063-C-G	PRF1	645064	Pathogenic	""	""	""
absent_not_in_training	10-70599063-C-T	PRF1	961631	Pathogenic	""	""	""
absent_not_in_training	10-86687163-G-A	LDB3	4727	Pathogenic/Likely pathogenic	""	""	""
absent_not_in_training	10-86687218-C-T	LDB3	4728	Pathogenic/Likely pathogenic	""	""	""
absent_not_in_training	10-87965472-A-C	PTEN	428265	Likely pathogenic	""	""	""
absent_not_in_training	10-87965472-A-T	PTEN	234144	Pathogenic	""	""	""
absent_not_in_training	10-98429810-C-G	HPS1	435447	Benign/Likely benign	""	""	""
absent_not_in_training	10-98430623-A-G	HPS1	1452567	Pathogenic/Likely pathogenic	""	""	""
absent_not_in_training	11-108365506-T-C	ATM	838778	Likely pathogenic	""	""	""
absent_not_in_training	11-108365506-T-G	ATM	836593	Likely pathogenic	""	""	""
absent_not_in_training	11-108365507-G-C	ATM	1044945	Likely pathogenic	""	""	""
absent_not_in_training	11-112094810-T-G	SDHD	230274	Pathogenic/Likely pathogenic	""	""	""
absent_not_in_training	11-17517424-C-T	USH1C	45426	Benign	""	""	""
absent_not_in_training	11-17517442-C-T	USH1C	45425	Benign	""	""	""
absent_not_in_training	11-2884120-G-T	CDKN1C	986832	Likely pathogenic	""	""	""
absent_not_in_training	11-31789935-T-A	PAX6	3474	Pathogenic/Likely pathogenic	""	""	""
absent_not_in_training	11-31789936-A-G	PAX6	800482	Pathogenic/Likely pathogenic	""	""	""
absent_not_in_training	11-45847462-C-A	CRY2	782294	Benign	""	""	""
absent_not_in_training	11-47571628-G-C	PTPMT1	720436	Benign	""	""	""
absent_not_in_training	11-56664617-A-T	OR5AR1	713757	Benign	""	""	""
absent_not_in_training	11-57660808-T-C	CLP1	508038	Benign/Likely benign	""	""	""
absent_not_in_training	11-61959507-C-A	BEST1	99758	Pathogenic	""	""	""
absent_not_in_training	11-61959509-G-C	BEST1	1455383	Pathogenic/Likely pathogenic	""	""	""
absent_not_in_training	11-61959514-T-C	BEST1	99762	Pathogenic/Likely pathogenic	""	""	""
absent_not_in_training	11-61959517-A-G	BEST1	99764	Pathogenic	""	""	""
absent_not_in_training	11-61959518-C-A	BEST1	546666	Likely pathogenic	""	""	""
absent_not_in_training	11-61959530-G-C	BEST1	99770	Pathogenic	""	""	""
absent_not_in_training	11-61959533-T-G	BEST1	99773	Pathogenic	""	""	""
absent_not_in_training	11-61959534-G-C	BEST1	99774	Pathogenic	""	""	""
absent_not_in_training	11-61959535-A-C	BEST1	636002	Pathogenic	""	""	""
absent_not_in_training	11-61959536-T-A	BEST1	1511867	Likely pathogenic	""	""	""
absent_not_in_training	11-61959545-T-G	BEST1	623155	Pathogenic/Likely pathogenic	""	""	""
absent_not_in_training	11-62614353-G-A	ROM1	195064	Benign/Likely benign	""	""	""
absent_not_in_training	11-64298178-G-C	KCNK4	560222	Pathogenic/Likely pathogenic	""	""	""
absent_not_in_training	11-64299694-G-A	KCNK4	1635353	Benign/Likely benign	""	""	""
absent_not_in_training	11-64806232-T-A	MEN1	2735652	Likely pathogenic	""	""	""
absent_not_in_training	11-6618776-C-G	TPP1	207567	Pathogenic/Likely pathogenic	""	""	""
absent_not_in_training	11-6618776-C-T	TPP1	68744	Pathogenic	""	""	""
absent_not_in_training	11-70473428-A-G	SHANK2	212168	Benign/Likely benign	""	""	""
absent_not_in_training	11-71435582-G-T	DHCR7	993946	Likely pathogenic	""	""	""
absent_not_in_training	11-71435764-C-T	DHCR7	2137189	Pathogenic/Likely pathogenic	""	""	""
absent_not_in_training	11-71435827-C-A	DHCR7	6785	Pathogenic/Likely pathogenic	""	""	""
absent_not_in_training	11-72372993-C-T	CLPB	235218	Benign/Likely benign	""	""	""
absent_not_in_training	11-72373000-C-T	CLPB	542781	Benign/Likely benign	""	""	""
absent_not_in_training	12-110645031-G-T	TCTN1	160095	Benign	""	""	""
absent_not_in_training	12-112911116-G-T	OAS1	1651627	Likely benign	""	""	""
absent_not_in_training	12-112919411-A-G	OAS1	1165531	Benign/Likely benign	""	""	""
absent_not_in_training	12-120997665-G-A	HNF1A	972780	Pathogenic	""	""	""
absent_not_in_training	12-132509586-C-T	FBRSL1	3777765	Likely benign	""	""	""
absent_not_in_training	12-132619476-G-A	P2RX2	229124	Benign/Likely benign	""	""	""
absent_not_in_training	12-2504526-G-A	CACNA1C	155775	Pathogenic	""	""	""
absent_not_in_training	12-2504538-G-A	CACNA1C	190633	Pathogenic/Likely pathogenic	""	""	""
absent_not_in_training	12-2504538-G-C	CACNA1C	190634	Pathogenic	""	""	""
absent_not_in_training	12-49185899-C-T	TUBA1A	988579	Pathogenic/Likely pathogenic	""	""	""
absent_not_in_training	12-49185942-C-A	TUBA1A	431839	Likely pathogenic	""	""	""
absent_not_in_training	12-49186402-C-A	TUBA1A	520585	Pathogenic	""	""	""
absent_not_in_training	12-49186416-T-C	TUBA1A	212491	Likely pathogenic	""	""	""
absent_not_in_training	12-51688812-G-C	SCN8A	4879832	Likely pathogenic	""	""	""
absent_not_in_training	12-51688812-G-T	SCN8A	665356	Pathogenic/Likely pathogenic	""	""	""
absent_not_in_training	12-69353170-G-A	LYZ	3541465	Likely benign	""	""	""
absent_not_in_training	12-69353206-G-A	LYZ	722403	Likely benign	""	""	""
absent_not_in_training	12-8138285-T-C	CLEC4A	732592	Benign	""	""	""
absent_not_in_training	12-865125-A-G	WNK1	704453	Benign/Likely benign	""	""	""
absent_not_in_training	12-865160-G-C	WNK1	674047	Benign	""	""	""
absent_not_in_training	12-865240-C-T	WNK1	1164398	Benign/Likely benign	""	""	""
absent_not_in_training	12-868172-A-T	WNK1	1133415	Likely benign	""	""	""
absent_not_in_training	12-868829-G-T	WNK1	1150701	Likely benign	""	""	""
absent_not_in_training	13-36304367-A-T	SPART	1032654	Likely benign	""	""	""
absent_not_in_training	13-48261223-G-T	ITM2B	1334024	Likely pathogenic	""	""	""
absent_not_in_training	13-72759797-A-G	DIS3	1336735	Likely benign	""	""	""
absent_not_in_training	14-24606604-T-A	GZMH	779654	Benign	""	""	""
absent_not_in_training	14-53950804-A-G	BMP4	197190	Benign/Likely benign	""	""	""
absent_not_in_training	14-58547804-G-A	KIAA0586	766846	Likely benign	""	""	""
absent_not_in_training	14-64225026-G-A	SYNE2	313666	Benign	""	""	""
absent_not_in_training	14-87934734-A-G	GALC	1066870	Pathogenic/Likely pathogenic	""	""	""
absent_not_in_training	14-96881177-G-A	VRK1	521856	Pathogenic/Likely pathogenic	""	""	""
absent_not_in_training	15-42411772-G-T	CAPN3	571060	Likely pathogenic	""	""	""
absent_not_in_training	15-51222349-C-T	CYP19A1	17826	Pathogenic	""	""	""
absent_not_in_training	15-68214290-C-A	CLN6	1802206	Likely pathogenic	""	""	""
absent_not_in_training	15-68229502-C-T	CLN6	623397	Pathogenic	""	""	""
absent_not_in_training	15-88905757-C-T	MFGE8	723346	Likely benign	""	""	""
absent_not_in_training	16-1220254-G-A	CACNA1H	460163	Likely benign	""	""	""
absent_not_in_training	16-1220350-G-A	CACNA1H	718203	Benign/Likely benign	""	""	""
absent_not_in_training	16-173598-T-A	HBA2	15626	Pathogenic	""	""	""
absent_not_in_training	16-173598-T-G	HBA2	15653	Pathogenic/Likely pathogenic	""	""	""
absent_not_in_training	16-173599-A-C	HBA2	15627	Pathogenic/Likely pathogenic	""	""	""
absent_not_in_training	16-173600-A-T	HBA2	15652	Pathogenic	""	""	""
absent_not_in_training	16-1985906-T-C	GFER	559180	Benign	""	""	""
absent_not_in_training	16-3484780-C-G	NAA60	780018	Benign	""	""	""
absent_not_in_training	16-3658129-T-G	TRAP1	720753	Benign/Likely benign	""	""	""
absent_not_in_training	16-3757288-C-T	CREBBP	374025	Pathogenic/Likely pathogenic	""	""	""
absent_not_in_training	16-5077459-T-G	ALG1	384255	Benign/Likely benign	""	""	""
absent_not_in_training	16-58018985-A-G	USB1	496747	Likely pathogenic	""	""	""
absent_not_in_training	16-58020195-C-G	USB1	403597	Benign/Likely benign	""	""	""
absent_not_in_training	16-66513786-A-G	TK2	2736362	Pathogenic/Likely pathogenic	""	""	""
absent_not_in_training	16-67886084-C-G	NRN1L	768782	Benign	""	""	""
absent_not_in_training	16-70269756-C-T	AARS1	320348	Benign	""	""	""
absent_not_in_training	16-75556194-G-C	TMEM231	130587	Benign	""	""	""
absent_not_in_training	16-79211665-G-C	WWOX	100648	Pathogenic/Likely pathogenic	""	""	""
absent_not_in_training	16-87891852-C-T	CA5A	388645	Pathogenic/Likely pathogenic	""	""	""
absent_not_in_training	16-88646774-G-A	CYBA	68211	Pathogenic/Likely pathogenic	""	""	""
absent_not_in_training	16-88646774-G-C	CYBA	1522930	Likely pathogenic	""	""	""
absent_not_in_training	16-88648103-C-T	CYBA	2265	Pathogenic/Likely pathogenic	""	""	""
absent_not_in_training	16-88814441-A-C	GALNS	1048361	Pathogenic/Likely pathogenic	""	""	""
absent_not_in_training	16-88858704-A-G	TRAPPC2L	2647014	Likely benign	""	""	""
absent_not_in_training	16-89305206-C-T	ANKRD11	521463	Pathogenic	""	""	""
absent_not_in_training	16-89513037-G-C	SPG7	424654	Pathogenic/Likely pathogenic	""	""	""
absent_not_in_training	16-89738944-G-A	FANCA	554887	Pathogenic/Likely pathogenic	""	""	""
absent_not_in_training	16-934244-C-T	LMF1	1399714	Likely pathogenic	""	""	""
absent_not_in_training	16-985162-G-T	SOX8	714679	Likely benign	""	""	""
absent_not_in_training	16-985174-G-A	SOX8	2645874	Likely benign	""	""	""
absent_not_in_training	17-15230952-C-G	PMP22	384327	Pathogenic/Likely pathogenic	""	""	""
absent_not_in_training	17-15230997-C-T	PMP22	382636	Benign/Likely benign	""	""	""
absent_not_in_training	17-15231080-C-A	PMP22	637376	Pathogenic/Likely pathogenic	""	""	""
absent_not_in_training	17-15239522-G-C	PMP22	642666	Benign/Likely benign	""	""	""
absent_not_in_training	17-15239555-A-T	PMP22	217236	Likely pathogenic	""	""	""
absent_not_in_training	17-15239591-C-G	PMP22	8436	Pathogenic/Likely pathogenic	""	""	""
absent_not_in_training	17-18172206-G-C	MYO15A	3370467	Likely pathogenic	""	""	""
absent_not_in_training	17-19671781-G-A	ALDH3A2	1459314	Pathogenic/Likely pathogenic	""	""	""
absent_not_in_training	17-3499087-A-G	ASPA	950717	Likely pathogenic	""	""	""
absent_not_in_training	17-39672852-T-C	PGAP3	125439	Pathogenic	""	""	""
absent_not_in_training	17-42536563-T-G	NAGLU	973593	Pathogenic/Likely pathogenic	""	""	""
absent_not_in_training	17-42909407-G-T	G6PC1	374125	Pathogenic/Likely pathogenic	""	""	""
absent_not_in_training	17-42909418-G-A	G6PC1	214465	Pathogenic/Likely pathogenic	""	""	""
absent_not_in_training	17-42909418-G-C	G6PC1	12008	Pathogenic	""	""	""
absent_not_in_training	17-43047643-C-A	BRCA1	868922	Pathogenic	""	""	""
absent_not_in_training	17-43047643-C-T	BRCA1	55588	Pathogenic/Likely pathogenic	""	""	""
absent_not_in_training	17-43051063-C-T	BRCA1	55530	Pathogenic	""	""	""
absent_not_in_training	17-46929530-G-A	GOSR2	205627	Benign/Likely benign	""	""	""
absent_not_in_training	17-57849279-G-T	MRPS23	1553580	Benign	""	""	""
absent_not_in_training	17-58695189-G-A	RAD51C	234175	Pathogenic/Likely pathogenic	""	""	""
absent_not_in_training	17-58695189-G-C	RAD51C	418441	Pathogenic/Likely pathogenic	""	""	""
absent_not_in_training	17-58695189-G-T	RAD51C	942269	Pathogenic/Likely pathogenic	""	""	""
absent_not_in_training	17-63872128-A-G	CSH2	717494	Benign	""	""	""
absent_not_in_training	17-6760434-A-G	XAF1	1243178	Benign	""	""	""
absent_not_in_training	17-75523332-C-T	TSEN54	160127	Benign	""	""	""
absent_not_in_training	17-75778629-T-C	H3-3B	1339275	Pathogenic/Likely pathogenic	""	""	""
absent_not_in_training	17-75778641-G-A	H3-3B	4293548	Likely pathogenic	""	""	""
absent_not_in_training	17-7586913-G-C	MPDU1	95180	Benign	""	""	""
absent_not_in_training	17-80213848-G-C	SGSH	290032	Benign	""	""	""
absent_not_in_training	17-80213874-G-C	SGSH	235357	Pathogenic/Likely pathogenic	""	""	""
absent_not_in_training	17-80214194-G-T	SGSH	728299	Likely benign	""	""	""
absent_not_in_training	17-80214218-C-G	SGSH	5118	Pathogenic/Likely pathogenic	""	""	""
absent_not_in_training	17-80214738-G-A	SGSH	5110	Pathogenic/Likely pathogenic	""	""	""
absent_not_in_training	17-80215086-A-G	SGSH	1353938	Pathogenic/Likely pathogenic	""	""	""
absent_not_in_training	17-80217093-G-T	SGSH	1708447	Likely pathogenic	""	""	""
absent_not_in_training	17-81813627-G-C	GCGR	784371	Benign/Likely benign	""	""	""
absent_not_in_training	18-23873120-C-A	LAMA3	742547	Likely benign	""	""	""
absent_not_in_training	18-23873154-T-G	LAMA3	326292	Benign	""	""	""
absent_not_in_training	18-31068175-T-G	DSC2	926569	Likely benign	""	""	""
absent_not_in_training	19-11039474-A-G	SMARCA4	238453	Benign/Likely benign	""	""	""
absent_not_in_training	19-1106439-G-A	GPX4	722508	Likely benign	""	""	""
absent_not_in_training	19-11129519-T-G	LDLR	252320	Likely pathogenic	""	""	""
absent_not_in_training	19-11129536-G-A	LDLR	252328	Likely pathogenic	""	""	""
absent_not_in_training	19-11129598-C-A	LDLR	252341	Pathogenic	""	""	""
absent_not_in_training	19-11129598-C-G	LDLR	161265	Likely pathogenic	""	""	""
absent_not_in_training	19-1612357-C-T	TCF3	225870	Pathogenic	""	""	""
absent_not_in_training	19-32879164-A-G	CEP89	1669354	Benign	""	""	""
absent_not_in_training	19-33387978-T-C	PEPD	782167	Benign/Likely benign	""	""	""
absent_not_in_training	19-33387990-A-T	PEPD	1507015	Likely pathogenic	""	""	""
absent_not_in_training	19-36003474-G-T	SYNE4	1658064	Likely benign	""	""	""
absent_not_in_training	19-36005389-C-G	SYNE4	682357	Likely benign	""	""	""
absent_not_in_training	19-40705151-T-C	COQ8B	379939	Benign	""	""	""
absent_not_in_training	19-40705171-G-T	COQ8B	516934	Benign	""	""	""
absent_not_in_training	19-44948823-G-A	APOC2	2582	Benign/Likely benign	""	""	""
absent_not_in_training	19-46756936-T-A	FKRP	4223	Pathogenic/Likely pathogenic	""	""	""
absent_not_in_training	19-48297494-C-A	ODAD1	262491	Benign	""	""	""
absent_not_in_training	19-49646556-G-T	SCAF1	710946	Benign	""	""	""
absent_not_in_training	19-55014974-C-T	GP6	775428	Benign	""	""	""
absent_not_in_training	19-55147008-C-G	TNNT1	514879	Likely benign	""	""	""
absent_not_in_training	19-55147019-T-C	TNNT1	31865	Benign/Likely benign	""	""	""
absent_not_in_training	19-6496213-C-T	TUBB4A	429952	Pathogenic/Likely pathogenic	""	""	""
absent_not_in_training	19-920746-T-A	KISS1R	5757	Pathogenic/Likely pathogenic	""	""	""
absent_not_in_training	2-112433433-A-C	RGPD8	770507	Benign	""	""	""
absent_not_in_training	2-144389560-A-G	ZEB2	574191	Benign	""	""	""
absent_not_in_training	2-144389630-C-A	ZEB2	1149290	Likely benign	""	""	""
absent_not_in_training	2-144389645-G-T	ZEB2	466288	Likely benign	""	""	""
absent_not_in_training	2-151870575-T-C	CACNB4	136652	Benign	""	""	""
absent_not_in_training	2-165309193-A-G	SCN2A	488391	Pathogenic	""	""	""
absent_not_in_training	2-199433338-C-T	SATB2	2820987	Pathogenic	""	""	""
absent_not_in_training	2-201276908-C-T	CASP8	7760	Pathogenic/Likely pathogenic	""	""	""
absent_not_in_training	2-219231952-A-C	ANKZF1	1166589	Benign/Likely benign	""	""	""
absent_not_in_training	2-26458218-C-T	OTOF	548986	Pathogenic	""	""	""
absent_not_in_training	2-32154494-T-G	SPAST	1072408	Pathogenic/Likely pathogenic	""	""	""
absent_not_in_training	2-47801155-G-C	MSH6	218057	Likely pathogenic	""	""	""
absent_not_in_training	2-48688128-C-T	LHCGR	336460	Benign/Likely benign	""	""	""
absent_not_in_training	2-71454000-T-C	DYSF	553165	Pathogenic/Likely pathogenic	""	""	""
absent_not_in_training	2-85840146-A-G	ST3GAL5	981385	Pathogenic/Likely pathogenic	""	""	""
absent_not_in_training	20-17989975-G-A	MGME1	708005	Benign	""	""	""
absent_not_in_training	20-44406133-G-T	HNF4A	2578345	Likely pathogenic	""	""	""
absent_not_in_training	20-44406232-G-A	HNF4A	430844	Likely pathogenic	""	""	""
absent_not_in_training	20-58840821-C-A	GNAS	134490	Benign	""	""	""
absent_not_in_training	20-58853461-G-A	GNAS	134498	Benign/Likely benign	""	""	""
absent_not_in_training	20-58853749-A-G	GNAS	134491	Benign/Likely benign	""	""	""
absent_not_in_training	20-58853765-A-G	GNAS	134478	Benign/Likely benign	""	""	""
absent_not_in_training	20-58853893-G-C	GNAS	134484	Likely benign	""	""	""
absent_not_in_training	20-58854178-T-C	GNAS	719213	Likely benign	""	""	""
absent_not_in_training	20-58854223-G-A	GNAS	727640	Likely benign	""	""	""
absent_not_in_training	20-58854572-C-A	GNAS	134479	Benign	""	""	""
absent_not_in_training	20-58854641-C-G	GNAS	134480	Likely benign	""	""	""
absent_not_in_training	20-58854664-G-T	GNAS	1175414	Likely benign	""	""	""
absent_not_in_training	20-58855063-C-G	GNAS	134493	Benign/Likely benign	""	""	""
absent_not_in_training	20-58910701-G-A	GNAS	1065893	Pathogenic/Likely pathogenic	""	""	""
absent_not_in_training	20-62291736-A-G	OSBPL2	1218107	Likely benign	""	""	""
absent_not_in_training	20-63433877-G-T	KCNQ2	803621	Likely pathogenic	""	""	""
absent_not_in_training	20-63433885-C-T	KCNQ2	950074	Pathogenic/Likely pathogenic	""	""	""
absent_not_in_training	20-63438699-C-T	KCNQ2	812166	Pathogenic/Likely pathogenic	""	""	""
absent_not_in_training	20-63438720-C-T	KCNQ2	576538	Pathogenic/Likely pathogenic	""	""	""
absent_not_in_training	20-63439609-C-G	KCNQ2	205888	Pathogenic	""	""	""
absent_not_in_training	20-63439609-C-T	KCNQ2	7382	Pathogenic	""	""	""
absent_not_in_training	20-63439610-G-T	KCNQ2	205887	Pathogenic/Likely pathogenic	""	""	""
absent_not_in_training	20-63439624-C-T	KCNQ2	369770	Pathogenic	""	""	""
absent_not_in_training	20-63439645-C-A	KCNQ2	1002473	Likely pathogenic	""	""	""
absent_not_in_training	20-63439657-C-A	KCNQ2	1803794	Pathogenic/Likely pathogenic	""	""	""
absent_not_in_training	20-63439657-C-T	KCNQ2	369768	Pathogenic	""	""	""
absent_not_in_training	20-63439681-C-G	KCNQ2	430396	Pathogenic/Likely pathogenic	""	""	""
absent_not_in_training	20-63439681-C-T	KCNQ2	205884	Pathogenic/Likely pathogenic	""	""	""
absent_not_in_training	20-63439684-C-A	KCNQ2	216949	Pathogenic	""	""	""
absent_not_in_training	20-63439684-C-G	KCNQ2	488538	Pathogenic/Likely pathogenic	""	""	""
absent_not_in_training	21-14109044-G-T	LIPI	1600119	Benign	""	""	""
absent_not_in_training	21-33578393-C-T	DONSON	711008	Likely benign	""	""	""
absent_not_in_training	21-33579367-C-G	DONSON	1565140	Likely benign	""	""	""
absent_not_in_training	21-44297726-G-C	AIRE	623346	Pathogenic/Likely pathogenic	""	""	""
absent_not_in_training	21-44806982-G-A	SUMO3	789677	Benign	""	""	""
absent_not_in_training	22-23766251-G-T	CHCHD10	473424	Benign	""	""	""
absent_not_in_training	22-23766253-T-G	CHCHD10	1216296	Likely benign	""	""	""
absent_not_in_training	22-35393528-C-T	HMOX1	1169418	Benign	""	""	""
absent_not_in_training	3-10142187-G-A	VHL	583094	Pathogenic/Likely pathogenic	""	""	""
absent_not_in_training	3-10142187-G-C	VHL	223193	Pathogenic	""	""	""
absent_not_in_training	3-10146517-A-C	VHL	560744	Pathogenic/Likely pathogenic	""	""	""
absent_not_in_training	3-10146517-A-G	VHL	664415	Pathogenic	""	""	""
absent_not_in_training	3-10146518-C-A	VHL	496057	Pathogenic/Likely pathogenic	""	""	""
absent_not_in_training	3-10146526-T-C	VHL	428807	Pathogenic	""	""	""
absent_not_in_training	3-10146526-T-G	VHL	428802	Pathogenic	""	""	""
absent_not_in_training	3-10146530-C-G	VHL	625240	Pathogenic	""	""	""
absent_not_in_training	3-10146535-A-G	VHL	223200	Pathogenic/Likely pathogenic	""	""	""
absent_not_in_training	3-10146561-G-C	VHL	2229	Pathogenic	""	""	""
absent_not_in_training	3-10146561-G-T	VHL	496061	Pathogenic	""	""	""
absent_not_in_training	3-10146565-A-G	VHL	496062	Pathogenic/Likely pathogenic	""	""	""
absent_not_in_training	3-10146566-C-A	VHL	420074	Pathogenic/Likely pathogenic	""	""	""
absent_not_in_training	3-10146579-T-G	VHL	1737544	Pathogenic/Likely pathogenic	""	""	""
absent_not_in_training	3-10146618-G-T	VHL	127829	Pathogenic	""	""	""
absent_not_in_training	3-10146625-T-C	VHL	428803	Pathogenic	""	""	""
absent_not_in_training	3-10146634-C-T	VHL	649525	Pathogenic	""	""	""
absent_not_in_training	3-10149795-C-G	VHL	567944	Pathogenic	""	""	""
absent_not_in_training	3-10149796-T-C	VHL	182980	Pathogenic	""	""	""
absent_not_in_training	3-10149807-T-C	VHL	496067	Pathogenic	""	""	""
absent_not_in_training	3-10149808-G-A	VHL	223225	Pathogenic/Likely pathogenic	""	""	""
absent_not_in_training	3-10149808-G-T	VHL	43604	Pathogenic	""	""	""
absent_not_in_training	3-10149809-C-G	VHL	223227	Pathogenic/Likely pathogenic	""	""	""
absent_not_in_training	3-10149810-C-T	VHL	480772	Pathogenic/Likely pathogenic	""	""	""
absent_not_in_training	3-10149964-G-T	VHL	223236	Likely pathogenic	""	""	""
absent_not_in_training	3-10149965-A-G	VHL	625269	Likely pathogenic	""	""	""
absent_not_in_training	3-128481276-G-A	GATA2	800683	Pathogenic/Likely pathogenic	""	""	""
absent_not_in_training	3-128910147-G-A	ACAD9	3240684	Likely pathogenic	""	""	""
absent_not_in_training	3-129533716-T-C	RHO	866186	Pathogenic/Likely pathogenic	""	""	""
absent_not_in_training	3-14173061-A-T	XPC	899822	Likely benign	""	""	""
absent_not_in_training	3-150941647-G-T	CLRN1	48146	Pathogenic/Likely pathogenic	""	""	""
absent_not_in_training	3-17089910-T-G	PLCL2	767888	Benign	""	""	""
absent_not_in_training	3-187225362-A-G	MASP1	1250766	Benign	""	""	""
absent_not_in_training	3-189789801-A-G	TP63	379663	Pathogenic/Likely pathogenic	""	""	""
absent_not_in_training	3-25596420-G-A	RARB	988076	Likely pathogenic	""	""	""
absent_not_in_training	3-37047520-A-G	MLH1	17090	Benign	""	""	""
absent_not_in_training	3-37047529-C-T	MLH1	41635	Likely benign	""	""	""
absent_not_in_training	3-37047532-T-C	MLH1	89871	Pathogenic	""	""	""
absent_not_in_training	3-37047532-T-G	MLH1	1779288	Likely pathogenic	""	""	""
absent_not_in_training	3-37047544-C-A	MLH1	89877	Pathogenic/Likely pathogenic	""	""	""
absent_not_in_training	3-37047553-C-A	MLH1	89884	Likely pathogenic	""	""	""
absent_not_in_training	3-37050535-A-C	MLH1	90071	Likely pathogenic	""	""	""
absent_not_in_training	3-37050628-T-C	MLH1	90097	Pathogenic	""	""	""
absent_not_in_training	3-38614031-G-A	SCN5A	925751	Benign/Likely benign	""	""	""
absent_not_in_training	3-42525971-A-G	VIPR1	731807	Benign	""	""	""
absent_not_in_training	3-46409113-A-C	CCRL2	711365	Benign	""	""	""
absent_not_in_training	3-53673804-G-A	CACNA1D	66072	Pathogenic	""	""	""
absent_not_in_training	3-53718707-G-A	CACNA1D	505894	Likely benign	""	""	""
absent_not_in_training	3-87260082-C-T	POU1F1	13613	Pathogenic/Likely pathogenic	""	""	""
absent_not_in_training	3-9943485-G-A	CRELD1	697196	Likely benign	""	""	""
absent_not_in_training	4-1004391-T-C	IDUA	960079	Pathogenic	""	""	""
absent_not_in_training	4-1004391-T-G	IDUA	11920	Likely pathogenic	""	""	""
absent_not_in_training	4-1004393-A-T	IDUA	242721	Likely pathogenic	""	""	""
absent_not_in_training	4-110618538-C-T	PITX2	197884	Benign/Likely benign	""	""	""
absent_not_in_training	4-110618670-G-A	PITX2	1068355	Likely pathogenic	""	""	""
absent_not_in_training	4-113381461-A-G	ANK2	377483	Benign/Likely benign	""	""	""
absent_not_in_training	4-127920797-C-T	MFSD8	2151748	Likely pathogenic	""	""	""
absent_not_in_training	4-13369888-A-C	RAB28	225879	Pathogenic/Likely pathogenic	""	""	""
absent_not_in_training	4-158672490-G-C	ETFDH	576973	Pathogenic/Likely pathogenic	""	""	""
absent_not_in_training	4-17487231-A-G	QDPR	2775915	Likely pathogenic	""	""	""
absent_not_in_training	4-1806664-G-A	FGFR3	134408	Benign/Likely benign	""	""	""
absent_not_in_training	4-1806860-G-A	FGFR3	2769092	Likely benign	""	""	""
absent_not_in_training	4-1807260-T-C	FGFR3	65561	Pathogenic/Likely pathogenic	""	""	""
absent_not_in_training	4-1807261-G-C	FGFR3	994395	Pathogenic	""	""	""
absent_not_in_training	4-1807261-G-T	FGFR3	65562	Pathogenic	""	""	""
absent_not_in_training	4-1807262-A-G	FGFR3	65564	Pathogenic/Likely pathogenic	""	""	""
absent_not_in_training	4-1807262-A-T	FGFR3	16336	Pathogenic	""	""	""
absent_not_in_training	4-2831582-C-A	SH3BP2	7549	Pathogenic/Likely pathogenic	""	""	""
absent_not_in_training	4-2831582-C-T	SH3BP2	7547	Pathogenic/Likely pathogenic	""	""	""
absent_not_in_training	4-2831587-G-A	SH3BP2	372503	Pathogenic	""	""	""
absent_not_in_training	4-2833834-A-G	SH3BP2	525208	Benign/Likely benign	""	""	""
absent_not_in_training	4-3485545-G-C	DOK7	1278	Likely pathogenic	""	""	""
absent_not_in_training	4-3485595-G-A	DOK7	128913	Benign	""	""	""
absent_not_in_training	4-6291367-G-A	WFS1	215378	Pathogenic/Likely pathogenic	""	""	""
absent_not_in_training	4-6301104-G-A	WFS1	215356	Benign/Likely benign	""	""	""
absent_not_in_training	4-6301104-G-C	WFS1	1199427	Pathogenic/Likely pathogenic	""	""	""
absent_not_in_training	4-67740683-G-A	GNRHR	2151986	Pathogenic/Likely pathogenic	""	""	""
absent_not_in_training	4-75564372-G-A	ODAPH	1262065	Benign	""	""	""
absent_not_in_training	5-102236860-A-G	SLCO4C1	727471	Likely benign	""	""	""
absent_not_in_training	5-132198270-T-C	P4HA2	708428	Likely benign	""	""	""
absent_not_in_training	5-132385354-C-T	SLC22A5	1472238	Likely pathogenic	""	""	""
absent_not_in_training	5-132385363-T-C	SLC22A5	460412	Pathogenic/Likely pathogenic	""	""	""
absent_not_in_training	5-132385375-G-C	SLC22A5	1707678	Pathogenic/Likely pathogenic	""	""	""
absent_not_in_training	5-132385400-G-T	SLC22A5	25387	Pathogenic/Likely pathogenic	""	""	""
absent_not_in_training	5-132394188-G-T	SLC22A5	460403	Benign/Likely benign	""	""	""
absent_not_in_training	5-150070569-T-C	CSF1R	352157	Benign	""	""	""
absent_not_in_training	5-180628936-T-A	FLT4	263015	Benign	""	""	""
absent_not_in_training	5-33998668-G-A	AMACR	353254	Benign	""	""	""
absent_not_in_training	5-53098602-T-G	MOCS2	6115	Pathogenic/Likely pathogenic	""	""	""
absent_not_in_training	5-53109727-C-T	MOCS2	813890	Pathogenic/Likely pathogenic	""	""	""
absent_not_in_training	5-53109729-T-C	MOCS2	1456543	Pathogenic	""	""	""
absent_not_in_training	5-71656858-T-C	MCCC2	570791	Pathogenic/Likely pathogenic	""	""	""
absent_not_in_training	5-78780398-T-C	ARSB	559729	Pathogenic/Likely pathogenic	""	""	""
absent_not_in_training	5-96746348-G-C	CAST	791137	Benign	""	""	""
absent_not_in_training	5-96746424-C-T	CAST	790565	Benign	""	""	""
absent_not_in_training	5-96748567-G-A	CAST	2241251	Likely benign	""	""	""
absent_not_in_training	5-96750599-G-A	CAST	1614516	Benign	""	""	""
absent_not_in_training	5-96750630-G-C	CAST	1192697	Benign	""	""	""
absent_not_in_training	6-10556431-T-C	GCNT2	354699	Benign	""	""	""
absent_not_in_training	6-10556940-A-G	GCNT2	354705	Benign	""	""	""
absent_not_in_training	6-123503658-A-G	TRDN	505274	Likely benign	""	""	""
absent_not_in_training	6-123503692-C-T	TRDN	504836	Likely benign	""	""	""
absent_not_in_training	6-145627577-C-A	EPM2A	834981	Pathogenic/Likely pathogenic	""	""	""
absent_not_in_training	6-145627577-C-T	EPM2A	3099	Pathogenic/Likely pathogenic	""	""	""
absent_not_in_training	6-151405236-C-G	RMND1	143051	Pathogenic/Likely pathogenic	""	""	""
absent_not_in_training	6-31576785-C-T	TNF	781865	Benign/Likely benign	""	""	""
absent_not_in_training	6-32116560-T-A	ATF6B	771155	Likely benign	""	""	""
absent_not_in_training	6-32828908-A-G	TAP2	403510	Benign/Likely benign	""	""	""
absent_not_in_training	6-32845644-G-T	TAP1	466386	Benign/Likely benign	""	""	""
absent_not_in_training	6-42965726-G-A	PEX6	167463	Benign/Likely benign	""	""	""
absent_not_in_training	6-44306988-T-A	AARS2	357073	Likely benign	""	""	""
absent_not_in_training	6-56615702-T-C	DST	357543	Benign/Likely benign	""	""	""
absent_not_in_training	6-56616262-T-C	DST	541484	Benign/Likely benign	""	""	""
absent_not_in_training	6-56616332-C-T	DST	474548	Likely benign	""	""	""
absent_not_in_training	6-56617066-G-A	DST	474540	Likely benign	""	""	""
absent_not_in_training	6-56617094-C-T	DST	474539	Likely benign	""	""	""
absent_not_in_training	6-56618003-C-G	DST	357558	Benign	""	""	""
absent_not_in_training	6-56618027-C-T	DST	357559	Likely benign	""	""	""
absent_not_in_training	6-56618113-T-C	DST	706030	Likely benign	""	""	""
absent_not_in_training	6-56618125-A-G	DST	357561	Benign/Likely benign	""	""	""
absent_not_in_training	6-56618254-T-C	DST	381713	Likely benign	""	""	""
absent_not_in_training	6-56618549-G-C	DST	357563	Benign/Likely benign	""	""	""
absent_not_in_training	6-56618606-A-G	DST	474532	Benign/Likely benign	""	""	""
absent_not_in_training	6-56618881-T-G	DST	357566	Likely benign	""	""	""
absent_not_in_training	6-56619073-G-A	DST	474528	Likely benign	""	""	""
absent_not_in_training	6-56619634-C-T	DST	357574	Benign/Likely benign	""	""	""
absent_not_in_training	6-56619745-G-A	DST	357576	Benign/Likely benign	""	""	""
absent_not_in_training	6-56620225-T-C	DST	357584	Benign/Likely benign	""	""	""
absent_not_in_training	6-56620688-G-A	DST	357588	Benign/Likely benign	""	""	""
absent_not_in_training	6-56642691-A-G	DST	357621	Benign	""	""	""
absent_not_in_training	6-56642764-G-A	DST	357622	Benign/Likely benign	""	""	""
absent_not_in_training	7-102274250-G-A	CUX1	1255432	Benign	""	""	""
absent_not_in_training	7-102278021-A-C	CUX1	1299085	Benign/Likely benign	""	""	""
absent_not_in_training	7-117559476-A-G	CFTR	53248	Pathogenic/Likely pathogenic	""	""	""
absent_not_in_training	7-117559491-G-A	CFTR	634836	Pathogenic	""	""	""
absent_not_in_training	7-117559509-G-T	CFTR	7187	Pathogenic/Likely pathogenic	""	""	""
absent_not_in_training	7-140020029-C-T	TBXAS1	1599455	Benign	""	""	""
absent_not_in_training	7-27095347-T-G	HOXA1	359958	Benign/Likely benign	""	""	""
absent_not_in_training	7-44145136-T-A	GCK	2691823	Pathogenic	""	""	""
absent_not_in_training	7-44145136-T-C	GCK	2578350	Likely pathogenic	""	""	""
absent_not_in_training	7-44145138-A-G	GCK	2578351	Likely pathogenic	""	""	""
absent_not_in_training	7-6004001-C-T	PMS2	2674188	Likely pathogenic	""	""	""
absent_not_in_training	7-6004002-C-G	PMS2	486943	Pathogenic/Likely pathogenic	""	""	""
absent_not_in_training	7-74041231-C-T	ELN	43584	Benign/Likely benign	""	""	""
absent_not_in_training	7-87402098-A-T	ABCB4	3064147	Likely pathogenic	""	""	""
absent_not_in_training	7-92085597-C-T	AKAP9	136342	Benign/Likely benign	""	""	""
absent_not_in_training	8-103415316-C-G	DCAF13	723920	Benign	""	""	""
absent_not_in_training	8-144085661-G-A	GPAA1	774254	Benign/Likely benign	""	""	""
absent_not_in_training	8-144360935-G-A	SLC52A2	210043	Pathogenic/Likely pathogenic	""	""	""
absent_not_in_training	8-22409960-T-A	SLC39A14	1598082	Benign	""	""	""
absent_not_in_training	8-30131945-A-G	MBOAT4	709877	Benign	""	""	""
absent_not_in_training	8-6444393-A-G	MCPH1	1189611	Benign/Likely benign	""	""	""
absent_not_in_training	8-99507859-G-A	VPS13B	130725	Benign/Likely benign	""	""	""
absent_not_in_training	9-109167291-T-A	FRRS1L	476299	Benign/Likely benign	""	""	""
absent_not_in_training	9-127684469-A-G	STXBP1	194948	Benign/Likely benign	""	""	""
absent_not_in_training	9-128323147-G-C	COQ4	267347	Pathogenic/Likely pathogenic	""	""	""
absent_not_in_training	9-128343133-A-G	SLC27A4	2735354	Pathogenic	""	""	""
absent_not_in_training	9-129095408-C-G	CRAT	1167631	Benign	""	""	""
absent_not_in_training	9-135786521-G-A	KCNT1	473392	Likely benign	""	""	""
absent_not_in_training	9-137108556-G-A	MAN1B1	425470	Likely pathogenic	""	""	""
absent_not_in_training	9-138121717-G-C	CACNA1B	1600078	Benign/Likely benign	""	""	""
absent_not_in_training	9-21970902-C-A	CDKN2A	216035	Pathogenic/Likely pathogenic	""	""	""
absent_not_in_training	9-21971037-C-A	CDKN2A	182423	Likely pathogenic	""	""	""
absent_not_in_training	9-21971058-C-A	CDKN2A	9412	Pathogenic	""	""	""
absent_not_in_training	9-21971109-C-T	CDKN2A	229806	Likely pathogenic	""	""	""
absent_not_in_training	9-21994139-C-G	CDKN2A	1504229	Pathogenic/Likely pathogenic	""	""	""
absent_not_in_training	9-34635856-C-T	SIGMAR1	873316	Likely pathogenic	""	""	""
absent_not_in_training	9-34650447-T-C	GALT	2136762	Pathogenic/Likely pathogenic	""	""	""
absent_not_in_training	9-34650449-A-C	GALT	25336	Pathogenic	""	""	""
absent_not_in_training	9-94558939-T-C	FBP2	786143	Benign	""	""	""
absent_not_in_training	9-95516658-C-G	PTCH1	41769	Benign	""	""	""
absent_not_in_training	9-95516690-T-C	PTCH1	41768	Benign/Likely benign	""	""	""
absent_not_in_training	9-96254868-C-T	HSD17B3	2577238	Pathogenic	""	""	""
absent_not_in_training	X-108687481-G-C	COL4A5	4686432	Pathogenic/Likely pathogenic	""	""	""
absent_not_in_training	X-111759999-A-C	ALG13	377466	Benign/Likely benign	""	""	""
absent_not_in_training	X-143884255-C-G	UBE2NL	770314	Benign	""	""	""
absent_not_in_training	X-153693586-G-C	SLC6A8	11697	Pathogenic	""	""	""
absent_not_in_training	X-153693925-G-A	SLC6A8	436771	Benign	""	""	""
absent_not_in_training	X-153693973-G-C	SLC6A8	2583101	Likely pathogenic	""	""	""
absent_not_in_training	X-153906577-C-T	AVPR2	2138782	Pathogenic/Likely pathogenic	""	""	""
absent_not_in_training	X-153906667-G-A	AVPR2	368077	Benign/Likely benign	""	""	""
absent_not_in_training	X-154030367-T-C	MECP2	143490	Pathogenic	""	""	""
absent_not_in_training	X-154030368-C-G	MECP2	834679	Likely pathogenic	""	""	""
absent_not_in_training	X-154030369-A-G	MECP2	143487	Likely pathogenic	""	""	""
absent_not_in_training	X-154031211-C-G	MECP2	143638	Benign	""	""	""
absent_not_in_training	X-154031223-G-A	MECP2	156668	Benign/Likely benign	""	""	""
absent_not_in_training	X-154031223-G-C	MECP2	851266	Likely benign	""	""	""
absent_not_in_training	X-154031226-G-A	MECP2	138188	Benign	""	""	""
absent_not_in_training	X-154031232-G-T	MECP2	143630	Benign	""	""	""
absent_not_in_training	X-154092190-C-T	MECP2	372650	Pathogenic	""	""	""
absent_not_in_training	X-154420094-G-A	TAFAZZIN	426783	Pathogenic/Likely pathogenic	""	""	""
absent_not_in_training	X-22077479-C-T	PHEX	735460	Likely benign	""	""	""
absent_not_in_training	X-22247953-G-C	PHEX	968782	Likely pathogenic	""	""	""
absent_not_in_training	X-38285541-T-G	RPGR	3900756	Likely pathogenic	""	""	""
absent_not_in_training	X-38285542-A-T	RPGR	931960	Likely pathogenic	""	""	""
absent_not_in_training	X-38287861-C-T	RPGR	866825	Pathogenic	""	""	""
absent_not_in_training	X-48689434-G-A	WAS	418541	Pathogenic	""	""	""
absent_not_in_training	X-48904846-C-T	SLC35A2	754204	Benign/Likely benign	""	""	""
absent_not_in_training	X-74421416-A-T	SLC16A2	193346	Benign/Likely benign	""	""	""
absent_not_in_training	X-74421488-G-A	SLC16A2	1208884	Benign/Likely benign	""	""	""
absent_not_in_training	Y-1282753-C-G	CSF2RA	178714	Benign	""	""	""
absent_not_in_training	Y-1288522-A-G	CSF2RA	469625	Benign/Likely benign	""	""	""
absent_not_in_training	Y-1288840-C-T	CSF2RA	178715	Benign/Likely benign	""	""	""
absent_not_in_training	Y-1303973-G-A	CSF2RA	537342	Likely benign	""	""	""
absent_not_in_training	Y-1352169-G-C	IL3RA	770823	Likely benign	""	""	""
absent_not_in_training	Y-1623310-A-G	ASMT	599440	Likely benign	""	""	""
absent_not_in_training	Y-2488954-T-C	ZBED1	784428	Benign	""	""	""
absent_not_in_training	Y-57087054-T-C	VAMP7	721652	Benign	""	""	""
absent_not_in_training	Y-57196354-G-A	IL9R	769193	Benign	""	""	""
absent_not_in_training	Y-57196457-G-A	IL9R	771064	Benign	""	""	""
absent_not_in_training	Y-634675-A-C	SHOX	1686187	Pathogenic/Likely pathogenic	""	""	""
absent_not_in_training	Y-640836-C-T	SHOX	9879	Pathogenic/Likely pathogenic	""	""	""
absent_not_in_training	Y-640851-C-T	SHOX	9878	Pathogenic	""	""	""
absent_not_in_training	Y-640852-G-A	SHOX	1256555	Pathogenic	""	""	""
absent_not_in_training	Y-641001-G-A	SHOX	586578	Benign/Likely benign	""	""	""
absent_single_family	1-11790681-C-G	MTHFR	975602	Pathogenic/Likely pathogenic	FuncVEP_CTE,FuncVEP_CTI,FuncVEP_SP	ENSG00000177000	""
absent_single_family	1-11791260-G-A	MTHFR	660609	Pathogenic/Likely pathogenic	FuncVEP_CTE,FuncVEP_CTI,FuncVEP_SP	ENSG00000177000	""
absent_single_family	1-11796395-G-C	""	""	""	FuncVEP_CTE,FuncVEP_CTI,FuncVEP_SP	ENSG00000177000	""
absent_single_family	1-119422565-G-A	HSD3B2	517183	Pathogenic/Likely pathogenic	FuncVEP_CTE,FuncVEP_CTI,FuncVEP_SP	ENSG00000203859	""
absent_single_family	1-11958627-C-T	PLOD1	14364	Pathogenic	FuncVEP_CTE,FuncVEP_CTI,FuncVEP_SP	ENSG00000083444	""
absent_single_family	1-12004083-C-T	MFN2	372790	Pathogenic/Likely pathogenic	FuncVEP_CTE,FuncVEP_CTI,FuncVEP_SP	ENSG00000116688	""
absent_single_family	1-145977515-C-T	POLR3GL	1027603	Pathogenic	FuncVEP_CTE,FuncVEP_CTI,FuncVEP_SP	ENSG00000121851	""
absent_single_family	1-151406013-G-A	POGZ	426598	Pathogenic	FuncVEP_CTE,FuncVEP_CTI,FuncVEP_SP	ENSG00000143442	""
absent_single_family	1-152305146-G-T	FLG	50930	Pathogenic/Likely pathogenic	FuncVEP_CTE,FuncVEP_CTI,FuncVEP_SP	ENSG00000143631	""
absent_single_family	1-152313385-G-A	FLG	16319	Pathogenic/Likely pathogenic	FuncVEP_CTE,FuncVEP_CTI,FuncVEP_SP	ENSG00000143631	""
absent_single_family	1-156135925-C-T	LMNA	48096	Pathogenic	FuncVEP_CTE,FuncVEP_CTI,FuncVEP_SP	ENSG00000160789	""
absent_single_family	1-156136350-C-T	LMNA	66800	Pathogenic/Likely pathogenic	FuncVEP_CTE,FuncVEP_CTI,FuncVEP_SP	ENSG00000160789	""
absent_single_family	1-158639587-G-A	SPTA1	561993	Pathogenic	FuncVEP_CTE,FuncVEP_CTI,FuncVEP_SP	ENSG00000163554	""
absent_single_family	1-160041938-G-A	KCNJ10	7463	Pathogenic/Likely pathogenic	FuncVEP_CTE,FuncVEP_CTI,FuncVEP_SP	ENSG00000177807	""
absent_single_family	1-160139668-G-T	ATP1A2	549759	Pathogenic	FuncVEP_CTE,FuncVEP_CTI,FuncVEP_SP	ENSG00000018625	""
absent_single_family	1-16055508-G-A	CLCNKB	7599	Pathogenic	FuncVEP_CTE,FuncVEP_CTI,FuncVEP_SP	ENSG00000184908	""
absent_single_family	1-168297747-C-G	TBX19	561125	Pathogenic	FuncVEP_CTE,FuncVEP_CTI,FuncVEP_SP	ENSG00000143178	""
absent_single_family	1-17024015-C-T	SDHB	44646	Pathogenic/Likely pathogenic	FuncVEP_CTE,FuncVEP_CTI,FuncVEP_SP	ENSG00000117118	""
absent_single_family	1-17033078-G-A	SDHB	12778	Pathogenic	FuncVEP_CTE,FuncVEP_CTI,FuncVEP_SP	ENSG00000117118	""
absent_single_family	1-17044882-G-A	SDHB	12783	Pathogenic	FuncVEP_CTE,FuncVEP_CTI,FuncVEP_SP	ENSG00000117118	""
absent_single_family	1-172442562-G-A	PIGC	471153	Conflicting classifications of pathogenicity	FuncVEP_CTE,FuncVEP_CTI,FuncVEP_SP	ENSG00000135845	""
absent_single_family	1-17388422-C-T	PADI6	3075995	Likely pathogenic	FuncVEP_CTE,FuncVEP_CTI,FuncVEP_SP	ENSG00000276747	""
absent_single_family	1-183222115-C-T	LAMC2	188791	Pathogenic	FuncVEP_CTE,FuncVEP_CTI,FuncVEP_SP	ENSG00000058085	""
absent_single_family	1-196340434-T-A	KCNT2	695093	Likely pathogenic	FuncVEP_CTE,FuncVEP_CTI,FuncVEP_SP	ENSG00000162687	""
absent_single_family	1-201359217-C-T	TNNT2	177636	Likely pathogenic	FuncVEP_CTE,FuncVEP_CTI,FuncVEP_SP	ENSG00000118194	""
absent_single_family	1-20649217-C-T	PINK1	431963	Pathogenic	FuncVEP_CTE,FuncVEP_CTI,FuncVEP_SP	ENSG00000158828	""
absent_single_family	1-209625919-G-A	LAMB3	188764	Pathogenic	FuncVEP_CTE,FuncVEP_CTI,FuncVEP_SP	ENSG00000196878	""
absent_single_family	1-209650023-G-A	LAMB3	14541	Pathogenic	FuncVEP_CTE,FuncVEP_CTI,FuncVEP_SP	ENSG00000196878	""
absent_single_family	1-209788590-G-A	IRF6	458682	Pathogenic	FuncVEP_CTE,FuncVEP_CTI,FuncVEP_SP	ENSG00000117595	""
absent_single_family	1-23845837-G-A	FUCA1	681	Pathogenic	FuncVEP_CTE,FuncVEP_CTI,FuncVEP_SP	ENSG00000179163	""
absent_single_family	1-23865622-A-T	FUCA1	265438	Pathogenic	FuncVEP_CTE,FuncVEP_CTI,FuncVEP_SP	ENSG00000179163	""
absent_single_family	1-23868043-G-A	FUCA1	685	Pathogenic	FuncVEP_CTE,FuncVEP_CTI,FuncVEP_SP	ENSG00000179163	""
absent_single_family	1-26058482-G-A	TRIM63	222849	Conflicting classifications of pathogenicity	FuncVEP_CTE,FuncVEP_CTI,FuncVEP_SP	ENSG00000158022	""
absent_single_family	1-36468158-C-T	CSF3R	570920	Pathogenic/Likely pathogenic	FuncVEP_CTE,FuncVEP_CTI,FuncVEP_SP	ENSG00000119535	""
absent_single_family	1-40097210-A-T	PPT1	8903	Pathogenic	FuncVEP_CTE,FuncVEP_CTI,FuncVEP_SP	ENSG00000131238	""
absent_single_family	1-43338146-C-T	MPL	371574	Pathogenic	FuncVEP_CTE,FuncVEP_CTI,FuncVEP_SP	ENSG00000117400	""
absent_single_family	1-45331223-C-A	MUTYH	238337	Pathogenic	FuncVEP_CTE,FuncVEP_CTI,FuncVEP_SP	ENSG00000132781	""
absent_single_family	1-45331503-G-A	MUTYH	406824	Pathogenic/Likely pathogenic	FuncVEP_CTE,FuncVEP_CTI,FuncVEP_SP	ENSG00000132781	""
absent_single_family	1-45331676-G-A	MUTYH	156509	Pathogenic	FuncVEP_CTE,FuncVEP_CTI,FuncVEP_SP	ENSG00000132781	""
absent_single_family	1-45331835-G-A	MUTYH	127835	Pathogenic	FuncVEP_CTE,FuncVEP_CTI,FuncVEP_SP	ENSG00000132781	""
absent_single_family	1-45332300-G-A	MUTYH	186651	Pathogenic/Likely pathogenic	FuncVEP_CTE,FuncVEP_CTI,FuncVEP_SP	ENSG00000132781	""
absent_single_family	1-45332401-G-A	MUTYH	246369	Pathogenic/Likely pathogenic	FuncVEP_CTE,FuncVEP_CTI,FuncVEP_SP	ENSG00000132781	""
absent_single_family	1-45332954-C-T	MUTYH	1692576	Pathogenic	FuncVEP_CTE,FuncVEP_CTI,FuncVEP_SP	ENSG00000132781	""
absent_single_family	1-45334493-G-A	MUTYH	127845	Pathogenic/Likely pathogenic	FuncVEP_CTE,FuncVEP_CTI,FuncVEP_SP	ENSG00000132781	""
absent_single_family	1-45508266-C-T	MMACHC	1424	Pathogenic	FuncVEP_CTE,FuncVEP_CTI,FuncVEP_SP	ENSG00000132763	""
absent_single_family	1-45508329-C-T	MMACHC	1423	Pathogenic	FuncVEP_CTE,FuncVEP_CTI,FuncVEP_SP	ENSG00000132763	""
absent_single_family	1-45508981-C-G	MMACHC	281007	Pathogenic	FuncVEP_CTE,FuncVEP_CTI,FuncVEP_SP	ENSG00000132763	""
absent_single_family	1-47417035-C-A	FOXE3	8448	Pathogenic	FuncVEP_CTE,FuncVEP_CTI,FuncVEP_SP	ENSG00000186790	""
absent_single_family	1-56956889-G-A	C8B	35594	Pathogenic/Likely pathogenic	FuncVEP_CTE,FuncVEP_CTI,FuncVEP_SP	ENSG00000021852	""
absent_single_family	1-97515785-G-A	DPYD	371053	Pathogenic/Likely pathogenic	FuncVEP_CTE,FuncVEP_CTI,FuncVEP_SP	ENSG00000188641	""
absent_single_family	1-97573943-C-A	DPYD	1032887	drug response	FuncVEP_CTE,FuncVEP_CTI,FuncVEP_SP	ENSG00000188641	""
absent_single_family	1-97883353-G-A	DPYD	188848	Pathogenic/Likely pathogenic	FuncVEP_CTE,FuncVEP_CTI,FuncVEP_SP	ENSG00000188641	""
absent_single_family	1-99881329-G-A	AGL	1096	Pathogenic/Likely pathogenic	FuncVEP_CTE,FuncVEP_CTI,FuncVEP_SP	ENSG00000162688	""
absent_single_family	1-99884612-C-T	AGL	21215	Pathogenic	FuncVEP_CTE,FuncVEP_CTI,FuncVEP_SP	ENSG00000162688	""
absent_single_family	1-99900717-C-A	AGL	655389	Pathogenic	FuncVEP_CTE,FuncVEP_CTI,FuncVEP_SP	ENSG00000162688	""
absent_single_family	10-102402138-C-T	NFKB2;PSD	65385	Pathogenic	FuncVEP_CTE,FuncVEP_CTI,FuncVEP_SP	ENSG00000077150	""
absent_single_family	10-119669932-C-T	BAG3	518933	Pathogenic	FuncVEP_CTE,FuncVEP_CTI,FuncVEP_SP	ENSG00000151929	""
absent_single_family	10-119670151-C-T	BAG3	264102	Pathogenic	FuncVEP_CTE,FuncVEP_CTI,FuncVEP_SP	ENSG00000151929	""
absent_single_family	10-119672512-G-A	BAG3	862211	Pathogenic	FuncVEP_CTE,FuncVEP_CTI,FuncVEP_SP	ENSG00000151929	""
absent_single_family	10-121517318-C-T	FGFR2	2136936	Pathogenic	FuncVEP_CTE,FuncVEP_CTI,FuncVEP_SP	ENSG00000066468	""
absent_single_family	10-124397986-G-A	OAT	177	Pathogenic	FuncVEP_CTE,FuncVEP_CTI,FuncVEP_SP	ENSG00000065154	""
absent_single_family	10-124398070-G-A	OAT	456519	Pathogenic	FuncVEP_CTE,FuncVEP_CTI,FuncVEP_SP	ENSG00000065154	""
absent_single_family	10-14934461-G-T	DCLRE1C	4673	Pathogenic	FuncVEP_CTE,FuncVEP_CTI,FuncVEP_SP	ENSG00000152457	""
absent_single_family	10-14934487-G-A	DCLRE1C	1322192	Pathogenic	FuncVEP_CTE,FuncVEP_CTI,FuncVEP_SP	ENSG00000152457	""
absent_single_family	10-14936544-G-C	DCLRE1C	2136850	Pathogenic	FuncVEP_CTE,FuncVEP_CTI,FuncVEP_SP	ENSG00000152457	""
absent_single_family	10-14945110-G-A	DCLRE1C	4665	Pathogenic	FuncVEP_CTE,FuncVEP_CTI,FuncVEP_SP	ENSG00000152457	""
absent_single_family	10-31520308-C-T	ZEB1	374184	Pathogenic	FuncVEP_CTE,FuncVEP_CTI,FuncVEP_SP	ENSG00000148516	""
absent_single_family	10-69005119-C-A	KIFBP	183145	Pathogenic	FuncVEP_CTE,FuncVEP_CTI,FuncVEP_SP	ENSG00000198954	""
absent_single_family	10-86890183-C-A	BMPR1A	631320	Pathogenic	FuncVEP_CTE,FuncVEP_CTI,FuncVEP_SP	ENSG00000107779	""
absent_single_family	10-86900050-C-T	BMPR1A	429099	Pathogenic/Likely pathogenic	FuncVEP_CTE,FuncVEP_CTI,FuncVEP_SP	ENSG00000107779	""
absent_single_family	10-86917275-C-T	BMPR1A	142351	Pathogenic	FuncVEP_CTE,FuncVEP_CTI,FuncVEP_SP	ENSG00000107779	""
absent_single_family	10-87767678-C-A	ATAD1	545495	Pathogenic/Likely pathogenic	FuncVEP_CTE,FuncVEP_CTI,FuncVEP_SP	ENSG00000138138	""
absent_single_family	10-87931086-A-T	PTEN	1075939	Pathogenic	FuncVEP_CTE,FuncVEP_CTI,FuncVEP_SP	ENSG00000171862	""
absent_single_family	10-87957958-T-A	PTEN	580498	Pathogenic	FuncVEP_CTE,FuncVEP_CTI,FuncVEP_SP	ENSG00000171862	""
absent_single_family	10-87957978-A-T	PTEN	2624868	Pathogenic	FuncVEP_CTE,FuncVEP_CTI,FuncVEP_SP	ENSG00000171862	""
absent_single_family	10-87961032-G-T	PTEN	492350	Pathogenic	FuncVEP_CTE,FuncVEP_CTI,FuncVEP_SP	ENSG00000171862	""
absent_single_family	10-99727098-G-C	COX15	496238	Pathogenic/Likely pathogenic	FuncVEP_CTE,FuncVEP_CTI,FuncVEP_SP	ENSG00000014919	""
absent_single_family	11-108227691-C-T	ATM	232248	Pathogenic	FuncVEP_CTE,FuncVEP_CTI,FuncVEP_SP	ENSG00000149311	""
absent_single_family	11-108229275-C-T	ATM	141167	Pathogenic/Likely pathogenic	FuncVEP_CTE,FuncVEP_CTI,FuncVEP_SP	ENSG00000149311	""
absent_single_family	11-108244867-C-T	ATM	181913	Pathogenic	FuncVEP_CTE,FuncVEP_CTI,FuncVEP_SP	ENSG00000149311	""
absent_single_family	11-108244873-C-T	ATM	216024	Pathogenic	FuncVEP_CTE,FuncVEP_CTI,FuncVEP_SP	ENSG00000149311	""
absent_single_family	11-108279578-C-G	ATM	127371	Pathogenic	FuncVEP_CTE,FuncVEP_CTI,FuncVEP_SP	ENSG00000149311	""
absent_single_family	11-108287646-T-A	ATM	620210	Pathogenic	FuncVEP_CTE,FuncVEP_CTI,FuncVEP_SP	ENSG00000149311	""
absent_single_family	11-108287712-C-A	ATM	379550	Pathogenic	FuncVEP_CTE,FuncVEP_CTI,FuncVEP_SP	ENSG00000149311	""
absent_single_family	11-108304693-C-T	ATM	189177	Pathogenic	FuncVEP_CTE,FuncVEP_CTI,FuncVEP_SP	ENSG00000149311	""
absent_single_family	11-108316015-C-T	ATM	127417	Pathogenic/Likely pathogenic	FuncVEP_CTE,FuncVEP_CTI,FuncVEP_SP	ENSG00000149311	""
absent_single_family	11-108325352-G-A	ATM	490667	Pathogenic	FuncVEP_CTE,FuncVEP_CTI,FuncVEP_SP	ENSG00000149311	""
absent_single_family	11-108327701-G-A	ATM	429080	Pathogenic/Likely pathogenic	FuncVEP_CTE,FuncVEP_CTI,FuncVEP_SP	ENSG00000149311	""
absent_single_family	11-108343351-C-T	ATM	1171818	Pathogenic	FuncVEP_CTE,FuncVEP_CTI,FuncVEP_SP	ENSG00000149311	""
absent_single_family	11-108345797-C-T	ATM	140907	Pathogenic	FuncVEP_CTE,FuncVEP_CTI,FuncVEP_SP	ENSG00000149311	""
absent_single_family	11-108365110-G-A	ATM	429062	Pathogenic	FuncVEP_CTE,FuncVEP_CTI,FuncVEP_SP	ENSG00000149311	""
absent_single_family	11-108365208-C-T	ATM	186330	Pathogenic	FuncVEP_CTE,FuncVEP_CTI,FuncVEP_SP	ENSG00000149311	""
absent_single_family	11-108365476-C-T	ATM	3029	Pathogenic	FuncVEP_CTE,FuncVEP_CTI,FuncVEP_SP	ENSG00000149311	""
absent_single_family	11-111857622-C-T	ALG9	631494	Pathogenic	FuncVEP_CTE,FuncVEP_CTI,FuncVEP_SP	ENSG00000086848	""
absent_single_family	11-112094832-T-A	SDHD	438437	Pathogenic	ClinVEP_CTE,ClinVEP_CTI,ClinVEP_SP	ENSG00000204370	""
absent_single_family	11-112094969-G-T	SDHD	156154	Conflicting classifications of pathogenicity	FuncVEP_CTE,FuncVEP_CTI,FuncVEP_SP	ENSG00000204370	""
absent_single_family	11-116790940-G-A	APOA5	381733	Pathogenic	FuncVEP_CTE,FuncVEP_CTI,FuncVEP_SP	ENSG00000110243	""
absent_single_family	11-119025021-C-T	SLC37A4	928687	Pathogenic	FuncVEP_CTE,FuncVEP_CTI,FuncVEP_SP	ENSG00000137700	""
absent_single_family	11-126275389-C-T	FOXRED1	5	Pathogenic	FuncVEP_CTE,FuncVEP_CTI,FuncVEP_SP	ENSG00000110074	""
absent_single_family	11-17430839-G-A	ABCC8	434056	Pathogenic	FuncVEP_CTE,FuncVEP_CTI,FuncVEP_SP	ENSG00000006071	""
absent_single_family	11-19186266-G-A	CSRP3	372584	Pathogenic/Likely pathogenic	FuncVEP_CTE,FuncVEP_CTI,FuncVEP_SP	ENSG00000129170	""
absent_single_family	11-20617755-C-A	SLC6A5	5761	Pathogenic	FuncVEP_CTE,FuncVEP_CTI,FuncVEP_SP	ENSG00000165970	""
absent_single_family	11-2165284-G-A	TH	188890	Pathogenic	FuncVEP_CTE,FuncVEP_CTI,FuncVEP_SP	ENSG00000180176	""
absent_single_family	11-32392032-G-A	WT1	3494	Pathogenic	FuncVEP_CTE,FuncVEP_CTI,FuncVEP_SP	ENSG00000184937	""
absent_single_family	11-36573626-C-T	RAG1	36714	Pathogenic	FuncVEP_CTE,FuncVEP_CTI,FuncVEP_SP	ENSG00000166349	""
absent_single_family	11-36573728-C-T	RAG1	626157	Pathogenic	FuncVEP_CTE,FuncVEP_CTI,FuncVEP_SP	ENSG00000166349	""
absent_single_family	11-36574303-T-A	RAG1	449383	Pathogenic	FuncVEP_CTE,FuncVEP_CTI,FuncVEP_SP	ENSG00000166349	""
absent_single_family	11-36575993-C-T	RAG1	488725	Pathogenic	FuncVEP_CTE,FuncVEP_CTI,FuncVEP_SP	ENSG00000166349	""
absent_single_family	11-44267607-G-A	ALX4	5020	Pathogenic	FuncVEP_CTE,FuncVEP_CTI,FuncVEP_SP	ENSG00000052850	""
absent_single_family	11-47332075-G-A	MYBPC3	42744	Uncertain significance	FuncVEP_CTE,FuncVEP_CTI,FuncVEP_SP	ENSG00000134571	""
absent_single_family	11-47332189-G-A	MYBPC3	42735	Pathogenic/Likely pathogenic	FuncVEP_CTE,FuncVEP_CTI,FuncVEP_SP	ENSG00000134571	""
absent_single_family	11-47332896-G-T	MYBPC3	36611	Pathogenic	FuncVEP_CTE,FuncVEP_CTI,FuncVEP_SP	ENSG00000134571	""
absent_single_family	11-47333316-G-A	MYBPC3	1728884	Pathogenic/Likely pathogenic	FuncVEP_CTE,FuncVEP_CTI,FuncVEP_SP	ENSG00000134571	""
absent_single_family	11-47335042-G-A	MYBPC3	42669	Pathogenic	FuncVEP_CTE,FuncVEP_CTI,FuncVEP_SP	ENSG00000134571	""
absent_single_family	11-47335120-G-A	MYBPC3	37039	Pathogenic	FuncVEP_CTE,FuncVEP_CTI,FuncVEP_SP	ENSG00000134571	""
absent_single_family	11-47335944-C-T	MYBPC3	42650	Pathogenic/Likely pathogenic	FuncVEP_CTE,FuncVEP_CTI,FuncVEP_SP	ENSG00000134571	""
absent_single_family	11-47343120-T-A	MYBPC3	180927	Pathogenic	FuncVEP_CTE,FuncVEP_CTI,FuncVEP_SP	ENSG00000134571	""
absent_single_family	11-47346282-G-A	MYBPC3	181056	Pathogenic/Likely pathogenic	FuncVEP_CTE,FuncVEP_CTI,FuncVEP_SP	ENSG00000134571	""
absent_single_family	11-47346365-G-T	MYBPC3	36615	Pathogenic	FuncVEP_CTE,FuncVEP_CTI,FuncVEP_SP	ENSG00000134571	""
absent_single_family	11-47347430-T-A	MYBPC3	181054	Pathogenic/Likely pathogenic	FuncVEP_CTE,FuncVEP_CTI,FuncVEP_SP	ENSG00000134571	""
absent_single_family	11-47350103-G-C	MYBPC3	181138	Pathogenic/Likely pathogenic	FuncVEP_CTE,FuncVEP_CTI,FuncVEP_SP	ENSG00000134571	""
absent_single_family	11-5226762-C-A	HBB	15406	Pathogenic	FuncVEP_CTE,FuncVEP_CTI,FuncVEP_SP	ENSG00000244734	""
absent_single_family	11-57614558-C-T	SERPING1	626347	Pathogenic	FuncVEP_CTE,FuncVEP_CTI,FuncVEP_SP	ENSG00000149131	""
absent_single_family	11-61438058-T-A	SDHAF2	823022	Pathogenic/Likely pathogenic	FuncVEP_CTE,FuncVEP_CTI,FuncVEP_SP	ENSG00000167985	""
absent_single_family	11-61438106-G-A	SDHAF2	403422	Conflicting classifications of pathogenicity	FuncVEP_CTE,FuncVEP_CTI,FuncVEP_SP	ENSG00000167985	""
absent_single_family	11-64751346-G-A	PYGM	433147	Pathogenic	FuncVEP_CTE,FuncVEP_CTI,FuncVEP_SP	ENSG00000068976	""
absent_single_family	11-64759674-G-T	PYGM	1070313	Pathogenic	FuncVEP_CTE,FuncVEP_CTI,FuncVEP_SP	ENSG00000068976	""
absent_single_family	11-64759751-G-A	PYGM	2298	Pathogenic	FuncVEP_CTE,FuncVEP_CTI,FuncVEP_SP	ENSG00000068976	""
absent_single_family	11-67490804-C-A	AIP	4892	Pathogenic	ClinVEP_CTE,ClinVEP_CTI,ClinVEP_SP	ENSG00000110711	""
absent_single_family	11-67490910-C-T	AIP	4888	Pathogenic	FuncVEP_CTE,FuncVEP_CTI,FuncVEP_SP	ENSG00000110711	""
absent_single_family	12-101749181-G-A	GNPTAB	38429	Pathogenic	FuncVEP_CTE,FuncVEP_CTI,FuncVEP_SP	ENSG00000111670	""
absent_single_family	12-102074419-G-A	NUP37	590329	Likely pathogenic	FuncVEP_CTE,FuncVEP_CTI,FuncVEP_SP	ENSG00000075188	""
absent_single_family	12-102852930-G-A	PAH	588	Pathogenic	FuncVEP_CTE,FuncVEP_CTI,FuncVEP_SP	ENSG00000171759	""
absent_single_family	12-102855281-C-T	PAH	102736	Pathogenic	FuncVEP_CTE,FuncVEP_CTI,FuncVEP_SP	ENSG00000171759	""
absent_single_family	12-106433739-C-T	POLR3B	31162	Pathogenic	FuncVEP_CTE,FuncVEP_CTI,FuncVEP_SP	ENSG00000013503	""
absent_single_family	12-114366312-G-A	TBX5	213832	Pathogenic	FuncVEP_CTE,FuncVEP_CTI,FuncVEP_SP	ENSG00000089225	""
absent_single_family	12-120978918-C-A	HNF1A	1774157	Pathogenic/Likely pathogenic	FuncVEP_CTE,FuncVEP_CTI,FuncVEP_SP	ENSG00000135100	""
absent_single_family	12-120989032-C-T	HNF1A	372380	Pathogenic	FuncVEP_CTE,FuncVEP_CTI,FuncVEP_SP	ENSG00000135100	""
absent_single_family	12-120993647-T-A	HNF1A	1807435	Likely pathogenic	FuncVEP_CTE,FuncVEP_CTI,FuncVEP_SP	ENSG00000135100	""
absent_single_family	12-120997560-C-T	HNF1A	972766	Pathogenic	FuncVEP_CTE,FuncVEP_CTI,FuncVEP_SP	ENSG00000135100	""
absent_single_family	12-132729818-G-A	ANKLE2	218245	Conflicting classifications of pathogenicity	FuncVEP_CTE,FuncVEP_CTI,FuncVEP_SP	ENSG00000176915	""
absent_single_family	12-21568952-G-A	GYS2	16049	Pathogenic/Likely pathogenic	FuncVEP_CTE,FuncVEP_CTI,FuncVEP_SP	ENSG00000111713	""
absent_single_family	12-32792728-A-T	PKP2	2735817	Pathogenic/Likely pathogenic	ClinVEP_CTE,ClinVEP_CTI,ClinVEP_SP	ENSG00000057294	""
absent_single_family	12-32802499-G-A	PKP2	6755	Pathogenic	FuncVEP_CTE,FuncVEP_CTI,FuncVEP_SP	ENSG00000057294	""
absent_single_family	12-32821523-G-A	PKP2	661424	Pathogenic	FuncVEP_CTE,FuncVEP_CTI,FuncVEP_SP	ENSG00000057294	""
absent_single_family	12-32822487-G-A	PKP2	201998	Pathogenic	FuncVEP_CTE,FuncVEP_CTI,FuncVEP_SP	ENSG00000057294	""
absent_single_family	12-32822526-G-A	PKP2	45049	Pathogenic	FuncVEP_CTE,FuncVEP_CTI,FuncVEP_SP	ENSG00000057294	""
absent_single_family	12-32822589-G-A	PKP2	201997	Pathogenic/Likely pathogenic	FuncVEP_CTE,FuncVEP_CTI,FuncVEP_SP	ENSG00000057294	""
absent_single_family	12-32841103-C-T	PKP2	36680	Pathogenic	FuncVEP_CTE,FuncVEP_CTI,FuncVEP_SP	ENSG00000057294	""
absent_single_family	12-32850907-G-A	PKP2	45016	Pathogenic	FuncVEP_CTE,FuncVEP_CTI,FuncVEP_SP	ENSG00000057294	""
absent_single_family	12-32868959-C-A	PKP2	496253	Pathogenic/Likely pathogenic	FuncVEP_CTE,FuncVEP_CTI,FuncVEP_SP	ENSG00000057294	""
absent_single_family	12-32868965-G-A	PKP2	45010	Pathogenic	FuncVEP_CTE,FuncVEP_CTI,FuncVEP_SP	ENSG00000057294	""
absent_single_family	12-32878222-G-A	PKP2	280014	Pathogenic	FuncVEP_CTE,FuncVEP_CTI,FuncVEP_SP	ENSG00000057294	""
absent_single_family	12-32878298-A-C	PKP2	1699158	Pathogenic	FuncVEP_CTE,FuncVEP_CTI,FuncVEP_SP	ENSG00000057294	""
absent_single_family	12-32879021-G-A	PKP2	6754	Pathogenic	FuncVEP_CTE,FuncVEP_CTI,FuncVEP_SP	ENSG00000057294	""
absent_single_family	12-49031615-G-A	KMT2D	1809766	Pathogenic	FuncVEP_CTE,FuncVEP_CTI,FuncVEP_SP	ENSG00000167548	""
absent_single_family	12-49091165-G-T	DHH	561187	Pathogenic	FuncVEP_CTE,FuncVEP_CTI,FuncVEP_SP	ENSG00000139549	""
absent_single_family	12-49950957-C-T	AQP2	1454564	Pathogenic/Likely pathogenic	FuncVEP_CTE,FuncVEP_CTI,FuncVEP_SP	ENSG00000167580	""
absent_single_family	12-51915376-C-A	ACVRL1	464771	Pathogenic	FuncVEP_CTE,FuncVEP_CTI,FuncVEP_SP	ENSG00000139567	""
absent_single_family	12-53307698-G-A	AAAS	5040	Pathogenic	FuncVEP_CTE,FuncVEP_CTI,FuncVEP_SP	ENSG00000094914	""
absent_single_family	12-55701142-G-A	ITGA7	638329	Pathogenic/Likely pathogenic	FuncVEP_CTE,FuncVEP_CTI,FuncVEP_SP	ENSG00000135424	""
absent_single_family	12-56929456-G-A	SDR9C7	488591	Pathogenic	FuncVEP_CTE,FuncVEP_CTI,FuncVEP_SP	ENSG00000170426	""
absent_single_family	12-63808778-C-T	RXYLT1	50606	Pathogenic	FuncVEP_CTE,FuncVEP_CTI,FuncVEP_SP	ENSG00000118600	""
absent_single_family	12-64486007-C-T	TBK1	266072	Pathogenic; other	FuncVEP_CTE,FuncVEP_CTI,FuncVEP_SP	ENSG00000183735	""
absent_single_family	12-6464915-A-T	VAMP1	1256198	Conflicting classifications of pathogenicity	FuncVEP_CTE,FuncVEP_CTI,FuncVEP_SP	ENSG00000139190	""
absent_single_family	12-64737039-G-A	GNS	2932	Pathogenic	FuncVEP_CTE,FuncVEP_CTI,FuncVEP_SP	ENSG00000135677	""
absent_single_family	12-7208554-C-T	PEX5	9144	Pathogenic	FuncVEP_CTE,FuncVEP_CTI,FuncVEP_SP	ENSG00000139197	""
absent_single_family	12-88084768-G-A	CEP290	217639	Pathogenic	FuncVEP_CTE,FuncVEP_CTI,FuncVEP_SP	ENSG00000198707	""
absent_single_family	13-100273218-C-T	PCCA	38870	Pathogenic	FuncVEP_CTE,FuncVEP_CTI,FuncVEP_SP	ENSG00000175198	""
absent_single_family	13-100425717-C-T	PCCA	1301319	Pathogenic	FuncVEP_CTE,FuncVEP_CTI,FuncVEP_SP	ENSG00000175198	""
absent_single_family	13-102872397-G-T	ERCC5	16566	Pathogenic	FuncVEP_CTE,FuncVEP_CTI,FuncVEP_SP	ENSG00000134899	""
absent_single_family	13-108208829-G-A	LIG4	7673	Pathogenic/Likely pathogenic	FuncVEP_CTE,FuncVEP_CTI,FuncVEP_SP	ENSG00000174405	""
absent_single_family	13-20189212-G-A	GJB2	44744	Pathogenic	FuncVEP_CTE,FuncVEP_CTI,FuncVEP_SP	ENSG00000165474	""
absent_single_family	13-20189511-C-T	GJB2	17002	Pathogenic	FuncVEP_CTE,FuncVEP_CTI,FuncVEP_SP	ENSG00000165474	""
absent_single_family	13-23332937-C-A	SACS	458251	Pathogenic/Likely pathogenic	FuncVEP_CTE,FuncVEP_CTI,FuncVEP_SP	ENSG00000151835	""
absent_single_family	13-23338294-C-T	SACS	938233	Pathogenic/Likely pathogenic	FuncVEP_CTE,FuncVEP_CTI,FuncVEP_SP	ENSG00000151835	""
absent_single_family	13-23338733-T-A	SACS	917652	Pathogenic	FuncVEP_CTE,FuncVEP_CTI,FuncVEP_SP	ENSG00000151835	""
absent_single_family	13-23341163-T-A	SACS	641094	Pathogenic/Likely pathogenic	FuncVEP_CTE,FuncVEP_CTI,FuncVEP_SP	ENSG00000151835	""
absent_single_family	13-23341283-T-A	SACS	1256210	Pathogenic	FuncVEP_CTE,FuncVEP_CTI,FuncVEP_SP	ENSG00000151835	""
absent_single_family	13-23355651-G-A	SACS	555502	Pathogenic/Likely pathogenic	FuncVEP_CTE,FuncVEP_CTI,FuncVEP_SP	ENSG00000151835	""
absent_single_family	13-32333278-T-G	BRCA2	51199	Pathogenic	FuncVEP_CTE,FuncVEP_CTI,FuncVEP_SP	ENSG00000139618	""
absent_single_family	13-32336723-G-T	BRCA2	91776	Pathogenic	FuncVEP_CTE,FuncVEP_CTI,FuncVEP_SP	ENSG00000139618	""
absent_single_family	13-32338907-G-T	BRCA2	51670	Pathogenic	FuncVEP_CTE,FuncVEP_CTI,FuncVEP_SP	ENSG00000139618	""
absent_single_family	13-32339409-C-G	BRCA2	491288	Pathogenic	FuncVEP_CTE,FuncVEP_CTI,FuncVEP_SP	ENSG00000139618	""
absent_single_family	13-32339602-T-G	BRCA2	590883	Pathogenic/Likely pathogenic	FuncVEP_CTE,FuncVEP_CTI,FuncVEP_SP	ENSG00000139618	""
absent_single_family	13-32340212-G-T	BRCA2	51952	Pathogenic	FuncVEP_CTE,FuncVEP_CTI,FuncVEP_SP	ENSG00000139618	""
absent_single_family	13-32340264-C-A	BRCA2	38007	Pathogenic	FuncVEP_CTE,FuncVEP_CTI,FuncVEP_SP	ENSG00000139618	""
absent_single_family	13-32340392-A-T	BRCA2	38016	Pathogenic	FuncVEP_CTE,FuncVEP_CTI,FuncVEP_SP	ENSG00000139618	""
absent_single_family	13-32340510-C-A	BRCA2	185793	Pathogenic	FuncVEP_CTE,FuncVEP_CTI,FuncVEP_SP	ENSG00000139618	""
absent_single_family	13-32341000-C-G	BRCA2	126113	Pathogenic	FuncVEP_CTE,FuncVEP_CTI,FuncVEP_SP	ENSG00000139618	""
absent_single_family	13-32344582-T-G	BRCA2	491310	Conflicting classifications of pathogenicity	FuncVEP_CTE,FuncVEP_CTI,FuncVEP_SP	ENSG00000139618	""
absent_single_family	13-32362574-G-A	BRCA2	38122	Pathogenic	FuncVEP_CTE,FuncVEP_CTI,FuncVEP_SP	ENSG00000139618	""
absent_single_family	13-32370548-C-A	BRCA2	254623	Pathogenic	FuncVEP_CTE,FuncVEP_CTI,FuncVEP_SP	ENSG00000139618	""
absent_single_family	13-32379399-T-A	BRCA2	96874	Pathogenic	FuncVEP_CTE,FuncVEP_CTI,FuncVEP_SP	ENSG00000139618	""
absent_single_family	13-32380085-C-T	BRCA2	9347	Pathogenic	FuncVEP_CTE,FuncVEP_CTI,FuncVEP_SP	ENSG00000139618	""
absent_single_family	13-32398438-G-T	BRCA2	52919	Uncertain significance	FuncVEP_CTE,FuncVEP_CTI,FuncVEP_SP	ENSG00000139618	""
absent_single_family	13-40807376-C-T	SLC25A15	5994	Pathogenic	FuncVEP_CTE,FuncVEP_CTI,FuncVEP_SP	ENSG00000102743	""
absent_single_family	13-51935659-C-T	ATP7B	35729	Pathogenic/Likely pathogenic	FuncVEP_CTE,FuncVEP_CTI,FuncVEP_SP	ENSG00000123191	""
absent_single_family	13-51937342-G-A	ATP7B	35728	Pathogenic	FuncVEP_CTE,FuncVEP_CTI,FuncVEP_SP	ENSG00000123191	""
absent_single_family	13-51968474-G-T	ATP7B	1163360	Pathogenic	FuncVEP_CTE,FuncVEP_CTI,FuncVEP_SP	ENSG00000123191	""
absent_single_family	13-51974305-A-T	ATP7B	92391	Pathogenic/Likely pathogenic	FuncVEP_CTE,FuncVEP_CTI,FuncVEP_SP	ENSG00000123191	""
absent_single_family	13-51974355-G-A	ATP7B	3864	Pathogenic/Likely pathogenic	FuncVEP_CTE,FuncVEP_CTI,FuncVEP_SP	ENSG00000123191	""
absent_single_family	13-51974407-G-T	ATP7B	188930	Pathogenic/Likely pathogenic	FuncVEP_CTE,FuncVEP_CTI,FuncVEP_SP	ENSG00000123191	""
absent_single_family	13-73062699-T-A	KLF5	694066	Pathogenic	FuncVEP_CTE,FuncVEP_CTI,FuncVEP_SP	ENSG00000102554	""
absent_single_family	14-21326131-C-T	RPGRIP1	280091	Pathogenic	FuncVEP_CTE,FuncVEP_CTI,FuncVEP_SP	ENSG00000092200	""
absent_single_family	14-21397890-G-A	CHD8	1029213	Conflicting classifications of pathogenicity	FuncVEP_CTE,FuncVEP_CTI,FuncVEP_SP	ENSG00000100888	""
absent_single_family	14-22774477-G-T	SLC7A7	561110	Pathogenic	FuncVEP_CTE,FuncVEP_CTI,FuncVEP_SP	ENSG00000155465	""
absent_single_family	14-24258569-T-A	TGM1	1195231	Pathogenic	FuncVEP_CTE,FuncVEP_CTI,FuncVEP_SP	ENSG00000092295	""
absent_single_family	14-28768479-C-A	FOXG1	189608	Pathogenic	FuncVEP_CTE,FuncVEP_CTI,FuncVEP_SP	ENSG00000176165	""
absent_single_family	14-35404620-G-A	NFKBIA	280143	Pathogenic	FuncVEP_CTE,FuncVEP_CTI,FuncVEP_SP	ENSG00000100906	""
absent_single_family	14-36517888-G-T	NKX2-1	816951	Pathogenic	FuncVEP_CTE,FuncVEP_CTI,FuncVEP_SP	ENSG00000136352	""
absent_single_family	14-36517960-G-T	NKX2-1	217884	Pathogenic	FuncVEP_CTE,FuncVEP_CTI,FuncVEP_SP	ENSG00000136352	""
absent_single_family	14-45167133-C-T	FANCM	444327	Pathogenic/Likely pathogenic	FuncVEP_CTE,FuncVEP_CTI,FuncVEP_SP	ENSG00000187790	""
absent_single_family	14-45189123-C-T	FANCM	412519	Pathogenic/Likely pathogenic	FuncVEP_CTE,FuncVEP_CTI,FuncVEP_SP	ENSG00000187790	""
absent_single_family	14-45198718-C-T	FANCM	526381	Pathogenic/Likely pathogenic	FuncVEP_CTE,FuncVEP_CTI,FuncVEP_SP	ENSG00000187790	""
absent_single_family	14-64419871-G-T	MTHFD1	446307	Pathogenic	FuncVEP_CTE,FuncVEP_CTI,FuncVEP_SP	ENSG00000100714	""
absent_single_family	14-67754158-G-T	ZFYVE26	424005	Pathogenic/Likely pathogenic	FuncVEP_CTE,FuncVEP_CTI,FuncVEP_SP	ENSG00000072121	""
absent_single_family	14-75959231-C-A	TGFB3	449918	Likely pathogenic	FuncVEP_CTE,FuncVEP_CTI,FuncVEP_SP	ENSG00000119699	""
absent_single_family	14-81143695-G-A	TSHR	6439	Pathogenic/Likely pathogenic	FuncVEP_CTE,FuncVEP_CTI,FuncVEP_SP	ENSG00000165409	""
absent_single_family	14-87988514-G-A	GALC	195020	Pathogenic	FuncVEP_CTE,FuncVEP_CTI,FuncVEP_SP	ENSG00000054983	""
absent_single_family	15-34233934-G-A	SLC12A6	30440	Pathogenic	FuncVEP_CTE,FuncVEP_CTI,FuncVEP_SP	ENSG00000140199	""
absent_single_family	15-34236719-G-A	SLC12A6	5326	Pathogenic	FuncVEP_CTE,FuncVEP_CTI,FuncVEP_SP	ENSG00000140199	""
absent_single_family	15-42410645-C-T	CAPN3	283259	Pathogenic	FuncVEP_CTE,FuncVEP_CTI,FuncVEP_SP	ENSG00000092529	""
absent_single_family	15-44672114-A-T	PATL2	444048	Pathogenic	FuncVEP_CTE,FuncVEP_CTI,FuncVEP_SP	ENSG00000229474	""
absent_single_family	15-48421601-G-T	FBN1	439701	Pathogenic	FuncVEP_CTE,FuncVEP_CTI,FuncVEP_SP	ENSG00000166147	""
absent_single_family	15-48465580-G-A	FBN1	200186	Pathogenic/Likely pathogenic	FuncVEP_CTE,FuncVEP_CTI,FuncVEP_SP	ENSG00000166147	""
absent_single_family	15-48495219-G-A	FBN1	265401	Pathogenic/Likely pathogenic	FuncVEP_CTE,FuncVEP_CTI,FuncVEP_SP	ENSG00000166147	""
absent_single_family	15-48513552-G-A	FBN1	16452	Pathogenic	FuncVEP_CTE,FuncVEP_CTI,FuncVEP_SP	ENSG00000166147	""
absent_single_family	15-48513591-G-A	FBN1	42285	Pathogenic	FuncVEP_CTE,FuncVEP_CTI,FuncVEP_SP	ENSG00000166147	""
absent_single_family	15-64409675-G-A	TRIP4	1694758	Pathogenic	FuncVEP_CTE,FuncVEP_CTI,FuncVEP_SP	ENSG00000103671	""
absent_single_family	15-72346680-G-A	HEXA	3905	Pathogenic	FuncVEP_CTE,FuncVEP_CTI,FuncVEP_SP	ENSG00000213614	""
absent_single_family	15-72375818-G-T	HEXA	379311	Pathogenic	FuncVEP_CTE,FuncVEP_CTI,FuncVEP_SP	ENSG00000213614	""
absent_single_family	15-72375895-C-T	HEXA	3911	Pathogenic	FuncVEP_CTE,FuncVEP_CTI,FuncVEP_SP	ENSG00000213614	""
absent_single_family	15-84839087-C-T	ALPK3	504882	Pathogenic/Likely pathogenic	FuncVEP_CTE,FuncVEP_CTI,FuncVEP_SP	ENSG00000136383	""
absent_single_family	15-89333577-G-A	POLG	1961036	Pathogenic/Likely pathogenic	FuncVEP_CTE,FuncVEP_CTI,FuncVEP_SP	ENSG00000140521	""
absent_single_family	15-90763016-C-T	BLM	454091	Pathogenic	FuncVEP_CTE,FuncVEP_CTI,FuncVEP_SP	ENSG00000197299	""
absent_single_family	15-90765319-C-T	BLM	42067	Pathogenic	FuncVEP_CTE,FuncVEP_CTI,FuncVEP_SP	ENSG00000197299	""
absent_single_family	16-14604148-G-A	PARN	1695961	Pathogenic	FuncVEP_CTE,FuncVEP_CTI,FuncVEP_SP	ENSG00000140694	""
absent_single_family	16-14608284-C-T	PARN	1695953	Pathogenic	FuncVEP_CTE,FuncVEP_CTI,FuncVEP_SP	ENSG00000140694	""
absent_single_family	16-14610669-G-A	PARN	190469	Pathogenic	FuncVEP_CTE,FuncVEP_CTI,FuncVEP_SP	ENSG00000140694	""
absent_single_family	16-16163078-G-A	ABCC6	6559	Pathogenic	FuncVEP_CTE,FuncVEP_CTI,FuncVEP_SP	ENSG00000091262	""
absent_single_family	16-1773026-G-A	MRPS34	438635	Pathogenic/Likely pathogenic	FuncVEP_CTE,FuncVEP_CTI,FuncVEP_SP	ENSG00000074071	""
absent_single_family	16-2040004-G-A	NTHL1	620182	Pathogenic/Likely pathogenic	FuncVEP_CTE,FuncVEP_CTI,FuncVEP_SP	ENSG00000065057	""
absent_single_family	16-2044722-G-A	NTHL1	647096	Pathogenic/Likely pathogenic	FuncVEP_CTE,FuncVEP_CTI,FuncVEP_SP	ENSG00000065057	""
absent_single_family	16-2079159-C-T	TSC2	49240	Pathogenic	FuncVEP_CTE,FuncVEP_CTI,FuncVEP_SP	ENSG00000103197	""
absent_single_family	16-2079398-C-A	TSC2	50055	Pathogenic	FuncVEP_CTE,FuncVEP_CTI,FuncVEP_SP	ENSG00000103197	""
absent_single_family	16-2089927-G-A	PKD1	434010	Pathogenic/Likely pathogenic	FuncVEP_CTE,FuncVEP_CTI,FuncVEP_SP	ENSG00000008710	""
absent_single_family	16-2089928-G-C	PKD1	994713	Pathogenic/Likely pathogenic	FuncVEP_CTE,FuncVEP_CTI,FuncVEP_SP	ENSG00000008710	""
absent_single_family	16-2089957-G-A	PKD1	8198	Pathogenic/Likely pathogenic	FuncVEP_CTE,FuncVEP_CTI,FuncVEP_SP	ENSG00000008710	""
absent_single_family	16-2090688-G-A	PKD1	8196	Pathogenic	FuncVEP_CTE,FuncVEP_CTI,FuncVEP_SP	ENSG00000008710	""
absent_single_family	16-2090802-G-A	PKD1	434006	Pathogenic	FuncVEP_CTE,FuncVEP_CTI,FuncVEP_SP	ENSG00000008710	""
absent_single_family	16-2092115-G-C	PKD1	873379	Pathogenic	FuncVEP_CTE,FuncVEP_CTI,FuncVEP_SP	ENSG00000008710	""
absent_single_family	16-2097465-C-T	PKD1	1256432	Pathogenic/Likely pathogenic	FuncVEP_CTE,FuncVEP_CTI,FuncVEP_SP	ENSG00000008710	""
absent_single_family	16-2102889-G-T	PKD1	599089	Pathogenic	FuncVEP_CTE,FuncVEP_CTI,FuncVEP_SP	ENSG00000008710	""
absent_single_family	16-2103359-G-A	PKD1	562271	Pathogenic	FuncVEP_CTE,FuncVEP_CTI,FuncVEP_SP	ENSG00000008710	""
absent_single_family	16-2105895-G-C	PKD1	805184	Pathogenic	FuncVEP_CTE,FuncVEP_CTI,FuncVEP_SP	ENSG00000008710	""
absent_single_family	16-2106128-G-A	PKD1	618320	Pathogenic	FuncVEP_CTE,FuncVEP_CTI,FuncVEP_SP	ENSG00000008710	""
absent_single_family	16-2108361-G-C	PKD1	590791	Pathogenic	FuncVEP_CTE,FuncVEP_CTI,FuncVEP_SP	ENSG00000008710	""
absent_single_family	16-2108680-G-A	PKD1	433972	Pathogenic	FuncVEP_CTE,FuncVEP_CTI,FuncVEP_SP	ENSG00000008710	""
absent_single_family	16-2110780-G-A	PKD1	995156	Pathogenic	FuncVEP_CTE,FuncVEP_CTI,FuncVEP_SP	ENSG00000008710	""
absent_single_family	16-2110861-G-A	PKD1	562236	Pathogenic	FuncVEP_CTE,FuncVEP_CTI,FuncVEP_SP	ENSG00000008710	""
absent_single_family	16-2110925-C-T	PKD1	1807323	Pathogenic	FuncVEP_CTE,FuncVEP_CTI,FuncVEP_SP	ENSG00000008710	""
absent_single_family	16-23380574-C-T	SCNN1B	8830	Pathogenic	FuncVEP_CTE,FuncVEP_CTI,FuncVEP_SP	ENSG00000168447	""
absent_single_family	16-23603471-G-C	PALB2	1245	Pathogenic/Likely pathogenic	FuncVEP_CTE,FuncVEP_CTI,FuncVEP_SP	ENSG00000083093	""
absent_single_family	16-23603528-C-T	PALB2	246354	Pathogenic	FuncVEP_CTE,FuncVEP_CTI,FuncVEP_SP	ENSG00000083093	""
absent_single_family	16-23607958-G-A	PALB2	126729	Pathogenic/Likely pathogenic	FuncVEP_CTE,FuncVEP_CTI,FuncVEP_SP	ENSG00000083093	""
absent_single_family	16-23626311-G-T	PALB2	492195	Pathogenic	FuncVEP_CTE,FuncVEP_CTI,FuncVEP_SP	ENSG00000083093	""
absent_single_family	16-23629642-G-A	PALB2	484190	Pathogenic/Likely pathogenic	FuncVEP_CTE,FuncVEP_CTI,FuncVEP_SP	ENSG00000083093	""
absent_single_family	16-23629768-C-A	PALB2	126649	Pathogenic/Likely pathogenic	FuncVEP_CTE,FuncVEP_CTI,FuncVEP_SP	ENSG00000083093	""
absent_single_family	16-23629889-G-T	PALB2	926204	Pathogenic	FuncVEP_CTE,FuncVEP_CTI,FuncVEP_SP	ENSG00000083093	""
absent_single_family	16-23629897-G-A	PALB2	142403	Pathogenic	FuncVEP_CTE,FuncVEP_CTI,FuncVEP_SP	ENSG00000083093	""
absent_single_family	16-23630235-G-T	PALB2	231394	Pathogenic	FuncVEP_CTE,FuncVEP_CTI,FuncVEP_SP	ENSG00000083093	""
absent_single_family	16-23634893-A-T	PALB2	1243	Pathogenic/Likely pathogenic	FuncVEP_CTE,FuncVEP_CTI,FuncVEP_SP	ENSG00000083093	""
absent_single_family	16-23634993-G-C	PALB2	410213	Pathogenic/Likely pathogenic	FuncVEP_CTE,FuncVEP_CTI,FuncVEP_SP	ENSG00000083093	""
absent_single_family	16-23635098-G-C	PALB2	379792	Pathogenic	FuncVEP_CTE,FuncVEP_CTI,FuncVEP_SP	ENSG00000083093	""
absent_single_family	16-23635168-G-A	PALB2	229742	Pathogenic	FuncVEP_CTE,FuncVEP_CTI,FuncVEP_SP	ENSG00000083093	""
absent_single_family	16-23635288-G-A	PALB2	142412	Pathogenic	FuncVEP_CTE,FuncVEP_CTI,FuncVEP_SP	ENSG00000083093	""
absent_single_family	16-23635306-G-A	PALB2	128117	Pathogenic/Likely pathogenic	FuncVEP_CTE,FuncVEP_CTI,FuncVEP_SP	ENSG00000083093	""
absent_single_family	16-23635319-A-T	PALB2	956282	Pathogenic/Likely pathogenic	FuncVEP_CTE,FuncVEP_CTI,FuncVEP_SP	ENSG00000083093	""
absent_single_family	16-23635507-C-A	PALB2	402286	Pathogenic	FuncVEP_CTE,FuncVEP_CTI,FuncVEP_SP	ENSG00000083093	""
absent_single_family	16-23635519-G-A	PALB2	126583	Pathogenic	FuncVEP_CTE,FuncVEP_CTI,FuncVEP_SP	ENSG00000083093	""
absent_single_family	16-23635858-C-A	PALB2	182786	Pathogenic	FuncVEP_CTE,FuncVEP_CTI,FuncVEP_SP	ENSG00000083093	""
absent_single_family	16-23636043-G-C	PALB2	925447	Pathogenic	FuncVEP_CTE,FuncVEP_CTI,FuncVEP_SP	ENSG00000083093	""
absent_single_family	16-23637946-G-A	PALB2	231718	Pathogenic	FuncVEP_CTE,FuncVEP_CTI,FuncVEP_SP	ENSG00000083093	""
absent_single_family	16-23638105-T-A	PALB2	628424	Pathogenic	FuncVEP_CTE,FuncVEP_CTI,FuncVEP_SP	ENSG00000083093	""
absent_single_family	16-23638116-A-C	PALB2	439237	Pathogenic	FuncVEP_CTE,FuncVEP_CTI,FuncVEP_SP	ENSG00000083093	""
absent_single_family	16-23641151-C-A	PALB2	241571	Pathogenic	FuncVEP_CTE,FuncVEP_CTI,FuncVEP_SP	ENSG00000083093	""
absent_single_family	16-28486427-G-T	CLN3	3557	Pathogenic	FuncVEP_CTE,FuncVEP_CTI,FuncVEP_SP	ENSG00000188603	""
absent_single_family	16-30088762-C-T	TBX6	2221167	Pathogenic	FuncVEP_CTE,FuncVEP_CTI,FuncVEP_SP	ENSG00000149922	""
absent_single_family	16-30737343-C-T	SRCAP	30909	Pathogenic/Likely pathogenic	FuncVEP_CTE,FuncVEP_CTI,FuncVEP_SP	ENSG00000080603	""
absent_single_family	16-31191052-C-T	FUS	29707	Pathogenic	FuncVEP_CTE,FuncVEP_CTI,FuncVEP_SP	ENSG00000089280	""
absent_single_family	16-46922414-C-T	GPT2	254655	Pathogenic	FuncVEP_CTE,FuncVEP_CTI,FuncVEP_SP	ENSG00000166123	""
absent_single_family	16-47693451-C-T	PHKB	2501064	Pathogenic	FuncVEP_CTE,FuncVEP_CTI,FuncVEP_SP	ENSG00000102893	""
absent_single_family	16-53645694-G-A	RPGRIP1L	1074	Pathogenic/Likely pathogenic	FuncVEP_CTE,FuncVEP_CTI,FuncVEP_SP	ENSG00000103494	""
absent_single_family	16-53652637-G-A	RPGRIP1L	1076	Pathogenic/Likely pathogenic	FuncVEP_CTE,FuncVEP_CTI,FuncVEP_SP	ENSG00000103494	""
absent_single_family	16-57659612-C-T	ADGRG1	1369485	Pathogenic	FuncVEP_CTE,FuncVEP_CTI,FuncVEP_SP	ENSG00000205336	""
absent_single_family	16-68737427-G-A	CDH1	548782	Pathogenic	FuncVEP_CTE,FuncVEP_CTI,FuncVEP_SP	ENSG00000039068	""
absent_single_family	16-68737441-C-A	CDH1	651982	Pathogenic	FuncVEP_CTE,FuncVEP_CTI,FuncVEP_SP	ENSG00000039068	""
absent_single_family	16-68801789-C-T	CDH1	463775	Pathogenic	FuncVEP_CTE,FuncVEP_CTI,FuncVEP_SP	ENSG00000039068	""
absent_single_family	16-68811739-C-A	CDH1	958856	Pathogenic	FuncVEP_CTE,FuncVEP_CTI,FuncVEP_SP	ENSG00000039068	""
absent_single_family	16-68811854-C-T	CDH1	136055	Pathogenic	FuncVEP_CTE,FuncVEP_CTI,FuncVEP_SP	ENSG00000039068	""
absent_single_family	16-68822081-C-T	CDH1	12241	Pathogenic	FuncVEP_CTE,FuncVEP_CTI,FuncVEP_SP	ENSG00000039068	""
absent_single_family	16-68828296-G-T	CDH1	136065	Pathogenic	FuncVEP_CTE,FuncVEP_CTI,FuncVEP_SP	ENSG00000039068	""
absent_single_family	16-88818069-G-A	GALNS	1048237	Pathogenic	FuncVEP_CTE,FuncVEP_CTI,FuncVEP_SP	ENSG00000141012	""
absent_single_family	16-88824769-G-A	GALNS	1048350	Pathogenic	FuncVEP_CTE,FuncVEP_CTI,FuncVEP_SP	ENSG00000141012	""
absent_single_family	16-88832026-C-T	GALNS	1048316	Pathogenic	FuncVEP_CTE,FuncVEP_CTI,FuncVEP_SP	ENSG00000141012	""
absent_single_family	16-88841083-G-A	GALNS	569803	Pathogenic/Likely pathogenic	FuncVEP_CTE,FuncVEP_CTI,FuncVEP_SP	ENSG00000141012	""
absent_single_family	17-13011711-G-A	ELAC2	1368043	Conflicting classifications of pathogenicity	FuncVEP_CTE,FuncVEP_CTI,FuncVEP_SP	ENSG00000006744	""
absent_single_family	17-17215228-G-C	FLCN	3367	Pathogenic	FuncVEP_CTE,FuncVEP_CTI,FuncVEP_SP	ENSG00000154803	""
absent_single_family	17-19656423-C-T	ALDH3A2	265027	Pathogenic/Likely pathogenic	FuncVEP_CTE,FuncVEP_CTI,FuncVEP_SP	ENSG00000072210	""
absent_single_family	17-31169985-C-T	NF1	40093	Pathogenic	FuncVEP_CTE,FuncVEP_CTI,FuncVEP_SP	ENSG00000196712	""
absent_single_family	17-31200476-C-T	NF1	547574	Pathogenic/Likely pathogenic	FuncVEP_CTE,FuncVEP_CTI,FuncVEP_SP	ENSG00000196712	""
absent_single_family	17-31200505-T-A	NF1	662589	Pathogenic/Likely pathogenic	FuncVEP_CTE,FuncVEP_CTI,FuncVEP_SP	ENSG00000196712	""
absent_single_family	17-31206297-C-T	NF1	230673	Pathogenic	FuncVEP_CTE,FuncVEP_CTI,FuncVEP_SP	ENSG00000196712	""
absent_single_family	17-31326051-C-A	NF1	1256430	Pathogenic	FuncVEP_CTE,FuncVEP_CTI,FuncVEP_SP	ENSG00000196712	""
absent_single_family	17-31327535-C-T	NF1	228381	Pathogenic	FuncVEP_CTE,FuncVEP_CTI,FuncVEP_SP	ENSG00000196712	""
absent_single_family	17-31337858-C-T	NF1	996507	Pathogenic	FuncVEP_CTE,FuncVEP_CTI,FuncVEP_SP	ENSG00000196712	""
absent_single_family	17-35577093-G-A	PEX12	555548	Pathogenic	FuncVEP_CTE,FuncVEP_CTI,FuncVEP_SP	ENSG00000108733	""
absent_single_family	17-37731814-G-A	HNF1B	12640	Pathogenic	FuncVEP_CTE,FuncVEP_CTI,FuncVEP_SP	ENSG00000275410	""
absent_single_family	17-37739455-G-A	HNF1B	12635	Pathogenic	FuncVEP_CTE,FuncVEP_CTI,FuncVEP_SP	ENSG00000275410	""
absent_single_family	17-42541074-C-T	NAGLU	1562	Pathogenic/Likely pathogenic	FuncVEP_CTE,FuncVEP_CTI,FuncVEP_SP	ENSG00000108784	""
absent_single_family	17-42543603-C-T	NAGLU	495784	Pathogenic/Likely pathogenic	FuncVEP_CTE,FuncVEP_CTI,FuncVEP_SP	ENSG00000108784	""
absent_single_family	17-42544122-C-T	NAGLU	553260	Pathogenic/Likely pathogenic	FuncVEP_CTE,FuncVEP_CTI,FuncVEP_SP	ENSG00000108784	""
absent_single_family	17-42901065-G-A	G6PC1	188966	Pathogenic	FuncVEP_CTE,FuncVEP_CTI,FuncVEP_SP	ENSG00000131482	""
absent_single_family	17-43045760-C-T	BRCA1	55608	Pathogenic	FuncVEP_CTE,FuncVEP_CTI,FuncVEP_SP	ENSG00000012048	""
absent_single_family	17-43045794-G-A	BRCA1	868969	Pathogenic	ClinVEP_CTE,ClinVEP_CTI,ClinVEP_SP	ENSG00000012048	""
absent_single_family	17-43049140-G-T	BRCA1	37663	Pathogenic	FuncVEP_CTE,FuncVEP_CTI,FuncVEP_SP	ENSG00000012048	""
absent_single_family	17-43057069-C-A	BRCA1	55489	Pathogenic	FuncVEP_CTE,FuncVEP_CTI,FuncVEP_SP	ENSG00000012048	""
absent_single_family	17-43071080-G-A	BRCA1	185295	Pathogenic	FuncVEP_CTE,FuncVEP_CTI,FuncVEP_SP	ENSG00000012048	""
absent_single_family	17-43071225-G-C	BRCA1	37607	Pathogenic	FuncVEP_CTE,FuncVEP_CTI,FuncVEP_SP	ENSG00000012048	""
absent_single_family	17-43091492-T-A	BRCA1	531295	Pathogenic	FuncVEP_CTE,FuncVEP_CTI,FuncVEP_SP	ENSG00000012048	""
absent_single_family	17-43091516-C-A	BRCA1	37559	Pathogenic	FuncVEP_CTE,FuncVEP_CTI,FuncVEP_SP	ENSG00000012048	""
absent_single_family	17-43091783-C-A	BRCA1	17672	Pathogenic	FuncVEP_CTE,FuncVEP_CTI,FuncVEP_SP	ENSG00000012048	""
absent_single_family	17-43091867-C-A	BRCA1	54959	Pathogenic	FuncVEP_CTE,FuncVEP_CTI,FuncVEP_SP	ENSG00000012048	""
absent_single_family	17-43091924-G-A	BRCA1	17671	Pathogenic	FuncVEP_CTE,FuncVEP_CTI,FuncVEP_SP	ENSG00000012048	""
absent_single_family	17-43092667-G-T	BRCA1	54701	Pathogenic	FuncVEP_CTE,FuncVEP_CTI,FuncVEP_SP	ENSG00000012048	""
absent_single_family	17-43093200-A-C	BRCA1	266250	Pathogenic	FuncVEP_CTE,FuncVEP_CTI,FuncVEP_SP	ENSG00000012048	""
absent_single_family	17-43093222-G-T	BRCA1	54527	Pathogenic	FuncVEP_CTE,FuncVEP_CTI,FuncVEP_SP	ENSG00000012048	""
absent_single_family	17-43093514-C-A	BRCA1	54436	Pathogenic	FuncVEP_CTE,FuncVEP_CTI,FuncVEP_SP	ENSG00000012048	""
absent_single_family	17-43093802-C-A	BRCA1	54335	Pathogenic	FuncVEP_CTE,FuncVEP_CTI,FuncVEP_SP	ENSG00000012048	""
absent_single_family	17-43104173-G-T	BRCA1	55046	Pathogenic	FuncVEP_CTE,FuncVEP_CTI,FuncVEP_SP	ENSG00000012048	""
absent_single_family	17-44075339-C-T	G6PC3	653016	Pathogenic	ClinVEP_CTE,ClinVEP_CTI,ClinVEP_SP	ENSG00000141349	""
absent_single_family	17-44260441-G-A	SLC4A1	17762	Pathogenic	FuncVEP_CTE,FuncVEP_CTI,FuncVEP_SP	ENSG00000004939	""
absent_single_family	17-44559332-G-A	FZD2	617609	Pathogenic	FuncVEP_CTE,FuncVEP_CTI,FuncVEP_SP	ENSG00000180340	""
absent_single_family	17-47300488-G-T	ITGB3	13565	Pathogenic	FuncVEP_CTE,FuncVEP_CTI,FuncVEP_SP	ENSG00000259207	""
absent_single_family	17-4898784-G-T	CHRNE	620130	Conflicting classifications of pathogenicity	FuncVEP_CTE,FuncVEP_CTI,FuncVEP_SP	ENSG00000108556	""
absent_single_family	17-50188765-G-A	COL1A1	35920	Pathogenic	FuncVEP_CTE,FuncVEP_CTI,FuncVEP_SP	ENSG00000108821	""
absent_single_family	17-58695035-A-T	RAD51C	478609	Pathogenic/Likely pathogenic	FuncVEP_CTE,FuncVEP_CTI,FuncVEP_SP	ENSG00000108384	""
absent_single_family	17-58695182-C-T	RAD51C	31556	Pathogenic	FuncVEP_CTE,FuncVEP_CTI,FuncVEP_SP	ENSG00000108384	""
absent_single_family	17-58703201-C-T	RAD51C	140849	Pathogenic/Likely pathogenic	FuncVEP_CTE,FuncVEP_CTI,FuncVEP_SP	ENSG00000108384	""
absent_single_family	17-58703325-C-G	RAD51C	142919	Pathogenic	FuncVEP_CTE,FuncVEP_CTI,FuncVEP_SP	ENSG00000108384	""
absent_single_family	17-58709862-C-T	RAD51C	186364	Pathogenic	FuncVEP_CTE,FuncVEP_CTI,FuncVEP_SP	ENSG00000108384	""
absent_single_family	17-60663168-C-A	PPM1D	1802564	Conflicting classifications of pathogenicity	FuncVEP_CTE,FuncVEP_CTI,FuncVEP_SP	ENSG00000170836	""
absent_single_family	17-60663388-C-T	PPM1D	620148	Conflicting classifications of pathogenicity	FuncVEP_CTE,FuncVEP_CTI,FuncVEP_SP	ENSG00000170836	""
absent_single_family	17-61685976-A-C	BRIP1	142366	Pathogenic/Likely pathogenic	FuncVEP_CTE,FuncVEP_CTI,FuncVEP_SP	ENSG00000136492	""
absent_single_family	17-61686152-C-T	BRIP1	530353	Pathogenic	FuncVEP_CTE,FuncVEP_CTI,FuncVEP_SP	ENSG00000136492	""
absent_single_family	17-61715964-G-A	BRIP1	241641	Pathogenic	FuncVEP_CTE,FuncVEP_CTI,FuncVEP_SP	ENSG00000136492	""
absent_single_family	17-61716043-G-C	BRIP1	142343	Pathogenic/Likely pathogenic	FuncVEP_CTE,FuncVEP_CTI,FuncVEP_SP	ENSG00000136492	""
absent_single_family	17-61716051-G-A	BRIP1	4738	Pathogenic/Likely pathogenic	FuncVEP_CTE,FuncVEP_CTI,FuncVEP_SP	ENSG00000136492	""
absent_single_family	17-61744445-G-C	BRIP1	430591	Pathogenic/Likely pathogenic	FuncVEP_CTE,FuncVEP_CTI,FuncVEP_SP	ENSG00000136492	""
absent_single_family	17-61776558-C-T	BRIP1	491423	Pathogenic	FuncVEP_CTE,FuncVEP_CTI,FuncVEP_SP	ENSG00000136492	""
absent_single_family	17-61780325-G-T	BRIP1	140852	Pathogenic/Likely pathogenic	FuncVEP_CTE,FuncVEP_CTI,FuncVEP_SP	ENSG00000136492	""
absent_single_family	17-61780893-G-A	BRIP1	434539	Pathogenic	FuncVEP_CTE,FuncVEP_CTI,FuncVEP_SP	ENSG00000136492	""
absent_single_family	17-61793656-C-A	BRIP1	479409	Pathogenic	FuncVEP_CTE,FuncVEP_CTI,FuncVEP_SP	ENSG00000136492	""
absent_single_family	17-61793698-C-A	BRIP1	128156	Pathogenic	FuncVEP_CTE,FuncVEP_CTI,FuncVEP_SP	ENSG00000136492	""
absent_single_family	17-61793722-C-A	BRIP1	924830	Pathogenic	FuncVEP_CTE,FuncVEP_CTI,FuncVEP_SP	ENSG00000136492	""
absent_single_family	17-61799125-G-A	BRIP1	128154	Pathogenic	FuncVEP_CTE,FuncVEP_CTI,FuncVEP_SP	ENSG00000136492	""
absent_single_family	17-61799200-G-A	BRIP1	141382	Pathogenic/Likely pathogenic	FuncVEP_CTE,FuncVEP_CTI,FuncVEP_SP	ENSG00000136492	""
absent_single_family	17-61801327-G-A	BRIP1	182345	Pathogenic/Likely pathogenic	FuncVEP_CTE,FuncVEP_CTI,FuncVEP_SP	ENSG00000136492	""
absent_single_family	17-61808706-G-A	BRIP1	826624	Pathogenic/Likely pathogenic	FuncVEP_CTE,FuncVEP_CTI,FuncVEP_SP	ENSG00000136492	""
absent_single_family	17-63488713-C-T	ACE	50209	Pathogenic	FuncVEP_CTE,FuncVEP_CTI,FuncVEP_SP	ENSG00000159640	""
absent_single_family	17-6425781-C-T	AIPL1	5565	Pathogenic	FuncVEP_CTE,FuncVEP_CTI,FuncVEP_SP	ENSG00000129221	""
absent_single_family	17-6695759-C-T	SLC13A5	218171	Pathogenic/Likely pathogenic	FuncVEP_CTE,FuncVEP_CTI,FuncVEP_SP	ENSG00000141485	""
absent_single_family	17-68530405-C-T	PRKAR1A	29907	Pathogenic	FuncVEP_CTE,FuncVEP_CTI,FuncVEP_SP	ENSG00000108946	""
absent_single_family	17-75830592-G-A	UNC13D	325247	Pathogenic	FuncVEP_CTE,FuncVEP_CTI,FuncVEP_SP	ENSG00000092929	""
absent_single_family	17-75840317-G-A	UNC13D	2000	Pathogenic/Likely pathogenic	FuncVEP_CTE,FuncVEP_CTI,FuncVEP_SP	ENSG00000092929	""
absent_single_family	17-80112645-C-T	GAA	972803	Pathogenic	FuncVEP_CTE,FuncVEP_CTI,FuncVEP_SP	ENSG00000171298	""
absent_single_family	17-80113365-G-T	GAA	495665	Pathogenic	FuncVEP_CTE,FuncVEP_CTI,FuncVEP_SP	ENSG00000171298	""
absent_single_family	18-31079850-G-A	DSC2	235909	Pathogenic	FuncVEP_CTE,FuncVEP_CTI,FuncVEP_SP	ENSG00000134755	""
absent_single_family	18-31524815-C-A	DSG2	44332	Pathogenic/Likely pathogenic	FuncVEP_CTE,FuncVEP_CTI,FuncVEP_SP	ENSG00000046604	""
absent_single_family	18-51054831-C-T	SMAD4	825411	Pathogenic/Likely pathogenic	FuncVEP_CTE,FuncVEP_CTI,FuncVEP_SP	ENSG00000141646	""
absent_single_family	18-57601699-G-A	NARS1	982711	Pathogenic/Likely pathogenic	FuncVEP_CTE,FuncVEP_CTI,FuncVEP_SP	ENSG00000134440	""
absent_single_family	18-60371489-A-T	MC4R	14332	Pathogenic	FuncVEP_CTE,FuncVEP_CTI,FuncVEP_SP	ENSG00000166603	""
absent_single_family	19-11089578-G-A	LDLR	627856	Pathogenic	FuncVEP_CTE,FuncVEP_CTI,FuncVEP_SP	ENSG00000130164	""
absent_single_family	19-11105470-C-G	LDLR	3727	Pathogenic/Likely pathogenic	FuncVEP_CTE,FuncVEP_CTI,FuncVEP_SP	ENSG00000130164	""
absent_single_family	19-11106594-C-T	LDLR	251424	Pathogenic	FuncVEP_CTE,FuncVEP_CTI,FuncVEP_SP	ENSG00000130164	""
absent_single_family	19-11107496-G-T	LDLR	631318	Pathogenic	FuncVEP_CTE,FuncVEP_CTI,FuncVEP_SP	ENSG00000130164	""
absent_single_family	19-11111629-C-A	LDLR	251699	Pathogenic	FuncVEP_CTE,FuncVEP_CTI,FuncVEP_SP	ENSG00000130164	""
absent_single_family	19-1207022-C-T	STK11	376334	Pathogenic	FuncVEP_CTE,FuncVEP_CTI,FuncVEP_SP	ENSG00000118046	""
absent_single_family	19-12664860-G-A	MAN2B1	633292	Pathogenic	FuncVEP_CTE,FuncVEP_CTI,FuncVEP_SP	ENSG00000104774	""
absent_single_family	19-13212653-G-A	CACNA1A	446937	Pathogenic	FuncVEP_CTE,FuncVEP_CTI,FuncVEP_SP	ENSG00000141837	""
absent_single_family	19-13230158-G-A	CACNA1A	8509	Pathogenic	FuncVEP_CTE,FuncVEP_CTI,FuncVEP_SP	ENSG00000141837	""
absent_single_family	19-13235694-G-A	CACNA1A	523785	Pathogenic	FuncVEP_CTE,FuncVEP_CTI,FuncVEP_SP	ENSG00000141837	""
absent_single_family	19-13255187-G-A	CACNA1A	804606	Pathogenic	FuncVEP_CTE,FuncVEP_CTI,FuncVEP_SP	ENSG00000141837	""
absent_single_family	19-13255217-G-A	CACNA1A	8507	Pathogenic/Likely pathogenic	FuncVEP_CTE,FuncVEP_CTI,FuncVEP_SP	ENSG00000141837	""
absent_single_family	19-13262772-G-A	CACNA1A	585212	Pathogenic	FuncVEP_CTE,FuncVEP_CTI,FuncVEP_SP	ENSG00000141837	""
absent_single_family	19-13452908-C-T	CACNA1A	1374639	Pathogenic	FuncVEP_CTE,FuncVEP_CTI,FuncVEP_SP	ENSG00000141837	""
absent_single_family	19-1398964-C-T	GAMT	205584	Pathogenic	FuncVEP_CTE,FuncVEP_CTI,FuncVEP_SP	ENSG00000130005	""
absent_single_family	19-35831056-G-A	NPHS1	6873	Pathogenic	FuncVEP_CTE,FuncVEP_CTI,FuncVEP_SP	ENSG00000161270	""
absent_single_family	19-35831358-G-A	NPHS1	6867	Pathogenic	FuncVEP_CTE,FuncVEP_CTI,FuncVEP_SP	ENSG00000161270	""
absent_single_family	19-35842406-G-A	NPHS1	632927	Pathogenic	FuncVEP_CTE,FuncVEP_CTI,FuncVEP_SP	ENSG00000161270	""
absent_single_family	19-35845725-G-T	NPHS1	56445	Pathogenic	FuncVEP_CTE,FuncVEP_CTI,FuncVEP_SP	ENSG00000161270	""
absent_single_family	19-39480879-C-A	TIMM50	559480	Pathogenic	FuncVEP_CTE,FuncVEP_CTI,FuncVEP_SP	ENSG00000105197	""
absent_single_family	19-40395495-G-A	PRX	4787	Pathogenic	FuncVEP_CTE,FuncVEP_CTI,FuncVEP_SP	ENSG00000105227	""
absent_single_family	19-40396207-A-T	PRX	4792	Pathogenic/Likely pathogenic	FuncVEP_CTE,FuncVEP_CTI,FuncVEP_SP	ENSG00000105227	""
absent_single_family	19-40504064-C-T	SPTBN4	375254	Pathogenic	FuncVEP_CTE,FuncVEP_CTI,FuncVEP_SP	ENSG00000160460	""
absent_single_family	19-41869138-C-T	RPS19	6313	Pathogenic	FuncVEP_CTE,FuncVEP_CTI,FuncVEP_SP	ENSG00000105372	""
absent_single_family	19-43508794-G-T	ETHE1	1809751	Pathogenic	FuncVEP_CTE,FuncVEP_CTI,FuncVEP_SP	ENSG00000105755	""
absent_single_family	19-45357497-G-A	ERCC2	1455083	Pathogenic	FuncVEP_CTE,FuncVEP_CTI,FuncVEP_SP	ENSG00000104884	""
absent_single_family	19-47479874-G-T	KPTN	100679	Pathogenic	FuncVEP_CTE,FuncVEP_CTI,FuncVEP_SP	ENSG00000118162	""
absent_single_family	19-50908596-C-T	KLK4	6079	Likely pathogenic	FuncVEP_CTE,FuncVEP_CTI,FuncVEP_SP	ENSG00000167749	""
absent_single_family	19-53810809-G-A	NLRP12	1596	Conflicting classifications of pathogenicity	FuncVEP_CTE,FuncVEP_CTI,FuncVEP_SP	ENSG00000142405	""
absent_single_family	2-108910527-C-T	EDAR	702179	Benign	FuncVEP_CTE,FuncVEP_CTI,FuncVEP_SP	ENSG00000135960	""
absent_single_family	2-127048585-T-A	BIN1	8299	Likely pathogenic	FuncVEP_CTE,FuncVEP_CTI,FuncVEP_SP	ENSG00000136717	""
absent_single_family	2-127286772-G-A	ERCC3	16585	Pathogenic	FuncVEP_CTE,FuncVEP_CTI,FuncVEP_SP	ENSG00000163161	""
absent_single_family	2-127292756-G-A	ERCC3	265515	Pathogenic/Likely pathogenic	FuncVEP_CTE,FuncVEP_CTI,FuncVEP_SP	ENSG00000163161	""
absent_single_family	2-136114915-G-C	CXCR4	14023	Pathogenic	FuncVEP_CTE,FuncVEP_CTI,FuncVEP_SP	ENSG00000121966	""
absent_single_family	2-136114928-G-A	CXCR4	14020	Pathogenic	FuncVEP_CTE,FuncVEP_CTI,FuncVEP_SP	ENSG00000121966	""
absent_single_family	2-151516533-G-A	NEB	918157	Pathogenic	FuncVEP_CTE,FuncVEP_CTI,FuncVEP_SP	ENSG00000183091	""
absent_single_family	2-165389450-C-T	SCN2A	450533	Pathogenic/Likely pathogenic	FuncVEP_CTE,FuncVEP_CTI,FuncVEP_SP	ENSG00000136531	""
absent_single_family	2-165991541-G-A	SCN1A	496124	Pathogenic	FuncVEP_CTE,FuncVEP_CTI,FuncVEP_SP	ENSG00000144285	""
absent_single_family	2-166002537-G-A	SCN1A	93649	Pathogenic	FuncVEP_CTE,FuncVEP_CTI,FuncVEP_SP	ENSG00000144285	""
absent_single_family	2-166015661-G-A	SCN1A	448252	Pathogenic	FuncVEP_CTE,FuncVEP_CTI,FuncVEP_SP	ENSG00000144285	""
absent_single_family	2-166036182-C-A	SCN1A	449375	Pathogenic	FuncVEP_CTE,FuncVEP_CTI,FuncVEP_SP	ENSG00000144285	""
absent_single_family	2-166044010-G-A	SCN1A	265254	Pathogenic	FuncVEP_CTE,FuncVEP_CTI,FuncVEP_SP	ENSG00000144285	""
absent_single_family	2-166052882-G-A	SCN1A	12889	Pathogenic/Likely pathogenic	FuncVEP_CTE,FuncVEP_CTI,FuncVEP_SP	ENSG00000144285	""
absent_single_family	2-166056498-A-C	SCN1A	1256614	Pathogenic	FuncVEP_CTE,FuncVEP_CTI,FuncVEP_SP	ENSG00000144285	""
absent_single_family	2-166204368-G-A	SCN9A	245799	Pathogenic	FuncVEP_CTE,FuncVEP_CTI,FuncVEP_SP	ENSG00000169432	""
absent_single_family	2-178579702-G-A	TTN	180573	Pathogenic/Likely pathogenic	FuncVEP_CTE,FuncVEP_CTI,FuncVEP_SP	ENSG00000155657	""
absent_single_family	2-188996419-C-T	COL3A1	577225	Pathogenic	FuncVEP_CTE,FuncVEP_CTI,FuncVEP_SP	ENSG00000168542	""
absent_single_family	2-189010708-C-T	COL3A1	199747	Pathogenic/Likely pathogenic	FuncVEP_CTE,FuncVEP_CTI,FuncVEP_SP	ENSG00000168542	""
absent_single_family	2-199349159-G-A	SATB2	2519	Pathogenic	FuncVEP_CTE,FuncVEP_CTI,FuncVEP_SP	ENSG00000119042	""
absent_single_family	2-201085526-G-T	NDUFB3	39836	Conflicting classifications of pathogenicity	FuncVEP_CTE,FuncVEP_CTI,FuncVEP_SP	ENSG00000119013	""
absent_single_family	2-202518837-C-T	BMPR2	280019	Pathogenic	FuncVEP_CTE,FuncVEP_CTI,FuncVEP_SP	ENSG00000204217	""
absent_single_family	2-202520195-C-T	BMPR2	409826	Pathogenic	FuncVEP_CTE,FuncVEP_CTI,FuncVEP_SP	ENSG00000204217	""
absent_single_family	2-206770181-C-T	FASTKD2	800308	Pathogenic	FuncVEP_CTE,FuncVEP_CTI,FuncVEP_SP	ENSG00000118246	""
absent_single_family	2-209775898-C-T	UNC80	222017	Pathogenic	FuncVEP_CTE,FuncVEP_CTI,FuncVEP_SP	ENSG00000144406	""
absent_single_family	2-21005538-G-T	APOB	1704963	Pathogenic	FuncVEP_CTE,FuncVEP_CTI,FuncVEP_SP	ENSG00000084674	""
absent_single_family	2-210602264-T-G	CPS1	1321400	Pathogenic	FuncVEP_CTE,FuncVEP_CTI,FuncVEP_SP	ENSG00000021826	""
absent_single_family	2-210608527-C-T	CPS1	2426	Pathogenic	FuncVEP_CTE,FuncVEP_CTI,FuncVEP_SP	ENSG00000021826	""
absent_single_family	2-214728743-C-T	BARD1	863791	Pathogenic/Likely pathogenic	FuncVEP_CTE,FuncVEP_CTI,FuncVEP_SP	ENSG00000138376	""
absent_single_family	2-214728802-A-T	BARD1	1521142	Pathogenic/Likely pathogenic	FuncVEP_CTE,FuncVEP_CTI,FuncVEP_SP	ENSG00000138376	""
absent_single_family	2-214728822-G-A	BARD1	2565192	Pathogenic/Likely pathogenic	FuncVEP_CTE,FuncVEP_CTI,FuncVEP_SP	ENSG00000138376	""
absent_single_family	2-214728867-G-A	BARD1	490955	Pathogenic/Likely pathogenic	FuncVEP_CTE,FuncVEP_CTI,FuncVEP_SP	ENSG00000138376	""
absent_single_family	2-214730491-G-A	BARD1	141702	Pathogenic/Likely pathogenic	FuncVEP_CTE,FuncVEP_CTI,FuncVEP_SP	ENSG00000138376	""
absent_single_family	2-214730508-C-T	BARD1	945148	Pathogenic/Likely pathogenic	ClinVEP_CTE,ClinVEP_CTI,ClinVEP_SP	ENSG00000138376	""
absent_single_family	2-214745083-C-T	BARD1	630100	Pathogenic	FuncVEP_CTE,FuncVEP_CTI,FuncVEP_SP	ENSG00000138376	""
absent_single_family	2-214745842-G-A	BARD1	127720	Pathogenic	FuncVEP_CTE,FuncVEP_CTI,FuncVEP_SP	ENSG00000138376	""
absent_single_family	2-214752502-G-T	BARD1	379750	Pathogenic	FuncVEP_CTE,FuncVEP_CTI,FuncVEP_SP	ENSG00000138376	""
absent_single_family	2-214780662-G-C	BARD1	142734	Pathogenic	FuncVEP_CTE,FuncVEP_CTI,FuncVEP_SP	ENSG00000138376	""
absent_single_family	2-214780669-G-C	BARD1	379884	Pathogenic/Likely pathogenic	FuncVEP_CTE,FuncVEP_CTI,FuncVEP_SP	ENSG00000138376	""
absent_single_family	2-214780669-G-T	BARD1	490923	Pathogenic/Likely pathogenic	FuncVEP_CTE,FuncVEP_CTI,FuncVEP_SP	ENSG00000138376	""
absent_single_family	2-214780702-G-C	BARD1	237814	Pathogenic/Likely pathogenic	FuncVEP_CTE,FuncVEP_CTI,FuncVEP_SP	ENSG00000138376	""
absent_single_family	2-214780718-C-A	BARD1	490920	Pathogenic/Likely pathogenic	FuncVEP_CTE,FuncVEP_CTI,FuncVEP_SP	ENSG00000138376	""
absent_single_family	2-214780970-T-A	BARD1	630993	Pathogenic	FuncVEP_CTE,FuncVEP_CTI,FuncVEP_SP	ENSG00000138376	""
absent_single_family	2-214781242-A-T	BARD1	545984	Pathogenic/Likely pathogenic	FuncVEP_CTE,FuncVEP_CTI,FuncVEP_SP	ENSG00000138376	""
absent_single_family	2-214781426-G-A	BARD1	182036	Pathogenic	FuncVEP_CTE,FuncVEP_CTI,FuncVEP_SP	ENSG00000138376	""
absent_single_family	2-214792327-G-A	BARD1	185139	Pathogenic/Likely pathogenic	FuncVEP_CTE,FuncVEP_CTI,FuncVEP_SP	ENSG00000138376	""
absent_single_family	2-214809468-C-T	BARD1	246476	Pathogenic/Likely pathogenic	FuncVEP_CTE,FuncVEP_CTI,FuncVEP_SP	ENSG00000138376	""
absent_single_family	2-214809491-C-A	BARD1	438898	Pathogenic/Likely pathogenic	FuncVEP_CTE,FuncVEP_CTI,FuncVEP_SP	ENSG00000138376	""
absent_single_family	2-214809515-C-A	BARD1	233594	Pathogenic/Likely pathogenic	FuncVEP_CTE,FuncVEP_CTI,FuncVEP_SP	ENSG00000138376	""
absent_single_family	2-218662661-C-T	BCS1L	214162	Pathogenic/Likely pathogenic	FuncVEP_CTE,FuncVEP_CTI,FuncVEP_SP	ENSG00000074582	""
absent_single_family	2-219418784-G-T	DES	804737	Conflicting classifications of pathogenicity	FuncVEP_CTE,FuncVEP_CTI,FuncVEP_SP	ENSG00000175084	""
absent_single_family	2-227310839-G-T	COL4A3	447173	Pathogenic/Likely pathogenic	FuncVEP_CTE,FuncVEP_CTI,FuncVEP_SP	ENSG00000169031	""
absent_single_family	2-238848570-C-T	TWIST2	30678	Pathogenic	FuncVEP_CTE,FuncVEP_CTI,FuncVEP_SP	ENSG00000233608	""
absent_single_family	2-240869335-C-T	AGXT	204091	Pathogenic	FuncVEP_CTE,FuncVEP_CTI,FuncVEP_SP	ENSG00000172482	""
absent_single_family	2-32064165-G-T	SPAST	523792	Pathogenic/Likely pathogenic	FuncVEP_CTE,FuncVEP_CTI,FuncVEP_SP	ENSG00000021574	""
absent_single_family	2-32064171-G-T	SPAST	1442664	Pathogenic	FuncVEP_CTE,FuncVEP_CTI,FuncVEP_SP	ENSG00000021574	""
absent_single_family	2-32116153-C-T	SPAST	523507	Pathogenic	FuncVEP_CTE,FuncVEP_CTI,FuncVEP_SP	ENSG00000021574	""
absent_single_family	2-32116168-C-T	SPAST	1256240	Pathogenic	FuncVEP_CTE,FuncVEP_CTI,FuncVEP_SP	ENSG00000021574	""
absent_single_family	2-32136608-C-T	SPAST	188179	Pathogenic	FuncVEP_CTE,FuncVEP_CTI,FuncVEP_SP	ENSG00000021574	""
absent_single_family	2-32136899-T-A	SPAST	1256242	Pathogenic	FuncVEP_CTE,FuncVEP_CTI,FuncVEP_SP	ENSG00000021574	""
absent_single_family	2-32137163-C-T	SPAST	955753	Pathogenic	FuncVEP_CTE,FuncVEP_CTI,FuncVEP_SP	ENSG00000021574	""
absent_single_family	2-32145004-C-T	SPAST	448449	Pathogenic	FuncVEP_CTE,FuncVEP_CTI,FuncVEP_SP	ENSG00000021574	""
absent_single_family	2-32154386-C-T	SPAST	988982	Pathogenic	FuncVEP_CTE,FuncVEP_CTI,FuncVEP_SP	ENSG00000021574	""
absent_single_family	2-55867075-A-G	EFEMP1	1294422	Pathogenic	FuncVEP_CTE,FuncVEP_CTI,FuncVEP_SP	ENSG00000115380	""
absent_single_family	2-55881637-A-T	EFEMP1	691885	Pathogenic	FuncVEP_CTE,FuncVEP_CTI,FuncVEP_SP	ENSG00000115380	""
absent_single_family	2-69354314-T-C	GFPT1	540353	Pathogenic	FuncVEP_CTE,FuncVEP_CTI,FuncVEP_SP	ENSG00000198380	""
absent_single_family	2-71124445-G-A	MCEE	2343	Pathogenic	FuncVEP_CTE,FuncVEP_CTI,FuncVEP_SP	ENSG00000124370	""
absent_single_family	2-71503308-C-T	DYSF	265108	Pathogenic	FuncVEP_CTE,FuncVEP_CTI,FuncVEP_SP	ENSG00000135636	""
absent_single_family	2-71570679-C-T	DYSF	217225	Pathogenic	FuncVEP_CTE,FuncVEP_CTI,FuncVEP_SP	ENSG00000135636	""
absent_single_family	2-71643988-G-A	DYSF	197433	Pathogenic	FuncVEP_CTE,FuncVEP_CTI,FuncVEP_SP	ENSG00000135636	""
absent_single_family	2-72891502-A-T	SPR	12944	Pathogenic	FuncVEP_CTE,FuncVEP_CTI,FuncVEP_SP	ENSG00000116096	""
absent_single_family	2-88448227-G-A	FOXI3	2431339	Uncertain significance	FuncVEP_CTE,FuncVEP_CTI,FuncVEP_SP	ENSG00000214336	""
absent_single_family	20-10652589-G-C	JAG1	234555	Pathogenic	FuncVEP_CTE,FuncVEP_CTI,FuncVEP_SP	ENSG00000101384	""
absent_single_family	20-44413795-C-T	HNF4A	9211	Pathogenic	FuncVEP_CTE,FuncVEP_CTI,FuncVEP_SP	ENSG00000101076	""
absent_single_family	20-44419813-C-T	HNF4A	9210	Pathogenic	FuncVEP_CTE,FuncVEP_CTI,FuncVEP_SP	ENSG00000101076	""
absent_single_family	20-44625623-G-A	ADA	552928	Pathogenic	FuncVEP_CTE,FuncVEP_CTI,FuncVEP_SP	ENSG00000196839	""
absent_single_family	20-46726905-C-T	SLC2A10	161101	Pathogenic/Likely pathogenic	FuncVEP_CTE,FuncVEP_CTI,FuncVEP_SP	ENSG00000197496	""
absent_single_family	20-50892526-G-A	ADNP	279598	Pathogenic/Likely pathogenic	FuncVEP_CTE,FuncVEP_CTI,FuncVEP_SP	ENSG00000101126	""
absent_single_family	20-50893924-G-A	ADNP	280535	Pathogenic	FuncVEP_CTE,FuncVEP_CTI,FuncVEP_SP	ENSG00000101126	""
absent_single_family	20-63689628-C-T	RTEL1	253011	Pathogenic	FuncVEP_CTE,FuncVEP_CTI,FuncVEP_SP	ENSG00000258366	""
absent_single_family	20-63693211-C-T	RTEL1	42020	Pathogenic	FuncVEP_CTE,FuncVEP_CTI,FuncVEP_SP	ENSG00000258366	""
absent_single_family	20-8657253-C-T	PLCB1	813910	Pathogenic/Likely pathogenic	FuncVEP_CTE,FuncVEP_CTI,FuncVEP_SP	ENSG00000182621	""
absent_single_family	21-31701805-G-A	SCAF4	973768	Pathogenic	FuncVEP_CTE,FuncVEP_CTI,FuncVEP_SP	ENSG00000156304	""
absent_single_family	21-34880569-G-A	RUNX1	1459069	Pathogenic	FuncVEP_CTE,FuncVEP_CTI,FuncVEP_SP	ENSG00000159216	""
absent_single_family	21-37486563-C-T	DYRK1A	162153	Pathogenic	FuncVEP_CTE,FuncVEP_CTI,FuncVEP_SP	ENSG00000157540	""
absent_single_family	21-43774297-G-A	CSTB	8396	Pathogenic	FuncVEP_CTE,FuncVEP_CTI,FuncVEP_SP	ENSG00000160213	""
absent_single_family	21-43774690-G-A	CSTB	161418	Pathogenic/Likely pathogenic	FuncVEP_CTE,FuncVEP_CTI,FuncVEP_SP	ENSG00000160213	""
absent_single_family	21-44289773-C-T	AIRE	3307	Pathogenic	FuncVEP_CTE,FuncVEP_CTI,FuncVEP_SP	ENSG00000160224	""
absent_single_family	22-18083639-C-T	PEX26	928563	Pathogenic/Likely pathogenic	FuncVEP_CTE,FuncVEP_CTI,FuncVEP_SP	ENSG00000215193	""
absent_single_family	22-20052581-C-T	TANGO2	1312508	Pathogenic	ClinVEP_CTE,ClinVEP_CTI,ClinVEP_SP	ENSG00000183597	""
absent_single_family	22-25231617-C-T	CRYBB2	16949	Pathogenic	FuncVEP_CTE,FuncVEP_CTI,FuncVEP_SP	ENSG00000244752	""
absent_single_family	22-28695146-C-T	CHEK2	182453	Pathogenic	FuncVEP_CTE,FuncVEP_CTI,FuncVEP_SP	ENSG00000183765	""
absent_single_family	22-28695187-G-A	CHEK2	230206	Pathogenic	FuncVEP_CTE,FuncVEP_CTI,FuncVEP_SP	ENSG00000183765	""
absent_single_family	22-28695737-C-T	CHEK2	234505	Pathogenic/Likely pathogenic	FuncVEP_CTE,FuncVEP_CTI,FuncVEP_SP	ENSG00000183765	""
absent_single_family	22-28711944-T-A	CHEK2	491635	Pathogenic/Likely pathogenic	FuncVEP_CTE,FuncVEP_CTI,FuncVEP_SP	ENSG00000183765	""
absent_single_family	22-28725278-G-A	CHEK2	182452	Pathogenic/Likely pathogenic	FuncVEP_CTE,FuncVEP_CTI,FuncVEP_SP	ENSG00000183765	""
absent_single_family	22-28725348-G-C	CHEK2	530096	Pathogenic	FuncVEP_CTE,FuncVEP_CTI,FuncVEP_SP	ENSG00000183765	""
absent_single_family	22-28734439-G-A	CHEK2	140772	Pathogenic/Likely pathogenic	FuncVEP_CTE,FuncVEP_CTI,FuncVEP_SP	ENSG00000183765	""
absent_single_family	22-28734443-C-T	CHEK2	141866	Pathogenic/Likely pathogenic	FuncVEP_CTE,FuncVEP_CTI,FuncVEP_SP	ENSG00000183765	""
absent_single_family	22-28734571-G-A	CHEK2	141231	Pathogenic/Likely pathogenic	FuncVEP_CTE,FuncVEP_CTI,FuncVEP_SP	ENSG00000183765	""
absent_single_family	22-28734643-G-A	CHEK2	530172	Pathogenic	FuncVEP_CTE,FuncVEP_CTI,FuncVEP_SP	ENSG00000183765	""
absent_single_family	22-28734664-G-A	CHEK2	133887	Pathogenic/Likely pathogenic	FuncVEP_CTE,FuncVEP_CTI,FuncVEP_SP	ENSG00000183765	""
absent_single_family	22-31806168-C-T	DEPDC5	264730	Pathogenic	FuncVEP_CTE,FuncVEP_CTI,FuncVEP_SP	ENSG00000100150	""
absent_single_family	22-31815005-C-T	DEPDC5	139434	Pathogenic	FuncVEP_CTE,FuncVEP_CTI,FuncVEP_SP	ENSG00000100150	""
absent_single_family	22-31857548-C-T	DEPDC5	139433	Pathogenic	FuncVEP_CTE,FuncVEP_CTI,FuncVEP_SP	ENSG00000100150	""
absent_single_family	22-32498453-C-T	FBXO7	4809	Pathogenic	FuncVEP_CTE,FuncVEP_CTI,FuncVEP_SP	ENSG00000100225	""
absent_single_family	22-36282754-G-A	MYH9	14072	Pathogenic	FuncVEP_CTE,FuncVEP_CTI,FuncVEP_SP	ENSG00000100345	""
absent_single_family	22-37139219-G-A	IL2RB	545515	Pathogenic	FuncVEP_CTE,FuncVEP_CTI,FuncVEP_SP	ENSG00000100385	""
absent_single_family	22-37973767-G-A	SOX10	7402	Pathogenic	FuncVEP_CTE,FuncVEP_CTI,FuncVEP_SP	ENSG00000100146	""
absent_single_family	22-37983696-G-T	SOX10	871833	Pathogenic	FuncVEP_CTE,FuncVEP_CTI,FuncVEP_SP	ENSG00000100146	""
absent_single_family	22-38112212-A-C	PLA2G6	6195	Conflicting classifications of pathogenicity	FuncVEP_CTE,FuncVEP_CTI,FuncVEP_SP	ENSG00000184381	""
absent_single_family	22-42627674-G-A	CYB5R3	248	Pathogenic	FuncVEP_CTE,FuncVEP_CTI,FuncVEP_SP	ENSG00000100243	""
absent_single_family	22-45949993-G-C	WNT7B	1299461	Pathogenic	FuncVEP_CTE,FuncVEP_CTI,FuncVEP_SP	ENSG00000188064	""
absent_single_family	3-121781772-G-A	IQCB1	1830	Pathogenic	FuncVEP_CTE,FuncVEP_CTI,FuncVEP_SP	ENSG00000173226	""
absent_single_family	3-122262209-C-T	CASR	620132	Pathogenic	FuncVEP_CTE,FuncVEP_CTI,FuncVEP_SP	ENSG00000036828	""
absent_single_family	3-128893563-C-T	ACAD9	1075114	Pathogenic/Likely pathogenic	FuncVEP_CTE,FuncVEP_CTI,FuncVEP_SP	ENSG00000177646	""
absent_single_family	3-129533701-C-T	RHO	13029	Pathogenic	FuncVEP_CTE,FuncVEP_CTI,FuncVEP_SP	ENSG00000163914	""
absent_single_family	3-136256588-C-T	PCCB	265422	Pathogenic	FuncVEP_CTE,FuncVEP_CTI,FuncVEP_SP	ENSG00000114054	""
absent_single_family	3-136328854-C-T	PCCB	38878	Pathogenic	FuncVEP_CTE,FuncVEP_CTI,FuncVEP_SP	ENSG00000114054	""
absent_single_family	3-138946308-C-A	FOXL2	2662631	Pathogenic	FuncVEP_CTE,FuncVEP_CTI,FuncVEP_SP	ENSG00000183770	""
absent_single_family	3-14152376-T-A	XPC	496267	Pathogenic	FuncVEP_CTE,FuncVEP_CTI,FuncVEP_SP	ENSG00000154767	""
absent_single_family	3-14158148-G-A	XPC	259	Pathogenic	FuncVEP_CTE,FuncVEP_CTI,FuncVEP_SP	ENSG00000154767	""
absent_single_family	3-14165549-G-A	XPC	550020	Pathogenic	FuncVEP_CTE,FuncVEP_CTI,FuncVEP_SP	ENSG00000154767	""
absent_single_family	3-14168330-G-A	XPC	496268	Pathogenic	FuncVEP_CTE,FuncVEP_CTI,FuncVEP_SP	ENSG00000154767	""
absent_single_family	3-149179587-C-T	CP	17562	Pathogenic	FuncVEP_CTE,FuncVEP_CTI,FuncVEP_SP	ENSG00000047457	""
absent_single_family	3-181712541-C-T	SOX2	280092	Pathogenic	FuncVEP_CTE,FuncVEP_CTI,FuncVEP_SP	ENSG00000181449	""
absent_single_family	3-181712840-C-G	SOX2	279896	Pathogenic	FuncVEP_CTE,FuncVEP_CTI,FuncVEP_SP	ENSG00000181449	""
absent_single_family	3-184354113-C-T	CLCN2	100629	Pathogenic/Likely pathogenic	FuncVEP_CTE,FuncVEP_CTI,FuncVEP_SP	ENSG00000114859	""
absent_single_family	3-184373106-G-A	THPO	1298946	Pathogenic	ClinVEP_CTE,ClinVEP_CTI,ClinVEP_SP	ENSG00000090534	""
absent_single_family	3-189737739-G-C	TP63	632415	Likely benign	FuncVEP_CTE,FuncVEP_CTI,FuncVEP_SP	ENSG00000073282	""
absent_single_family	3-193614802-C-T	OPA1	805095	Pathogenic/Likely pathogenic	FuncVEP_CTE,FuncVEP_CTI,FuncVEP_SP	ENSG00000198836	""
absent_single_family	3-193643005-C-T	OPA1	5085	Pathogenic	FuncVEP_CTE,FuncVEP_CTI,FuncVEP_SP	ENSG00000198836	""
absent_single_family	3-193647144-C-T	OPA1	95713	Pathogenic	FuncVEP_CTE,FuncVEP_CTI,FuncVEP_SP	ENSG00000198836	""
absent_single_family	3-193647159-C-T	OPA1	1807044	Pathogenic	FuncVEP_CTE,FuncVEP_CTI,FuncVEP_SP	ENSG00000198836	""
absent_single_family	3-193657197-C-T	OPA1	216979	Pathogenic/Likely pathogenic	FuncVEP_CTE,FuncVEP_CTI,FuncVEP_SP	ENSG00000198836	""
absent_single_family	3-193664952-C-T	OPA1	195896	Pathogenic	FuncVEP_CTE,FuncVEP_CTI,FuncVEP_SP	ENSG00000198836	""
absent_single_family	3-30688470-C-T	TGFBR2	12519	Pathogenic	FuncVEP_CTE,FuncVEP_CTI,FuncVEP_SP	ENSG00000163513	""
absent_single_family	3-33014210-C-T	GLB1	1076248	Pathogenic	FuncVEP_CTE,FuncVEP_CTI,FuncVEP_SP	ENSG00000170266	""
absent_single_family	3-33016819-G-A	GLB1	924	Pathogenic	FuncVEP_CTE,FuncVEP_CTI,FuncVEP_SP	ENSG00000170266	""
absent_single_family	3-33129971-C-T	CRTAP	4950	Pathogenic	FuncVEP_CTE,FuncVEP_CTI,FuncVEP_SP	ENSG00000170275	""
absent_single_family	3-38551487-G-A	SCN5A	264276	Pathogenic	FuncVEP_CTE,FuncVEP_CTI,FuncVEP_SP	ENSG00000183873	""
absent_single_family	3-38586012-C-T	SCN5A	505895	Pathogenic	FuncVEP_CTE,FuncVEP_CTI,FuncVEP_SP	ENSG00000183873	""
absent_single_family	3-38620919-G-A	SCN5A	667015	Pathogenic/Likely pathogenic	FuncVEP_CTE,FuncVEP_CTI,FuncVEP_SP	ENSG00000183873	""
absent_single_family	3-38633133-G-A	SCN5A	1691761	Pathogenic/Likely pathogenic	FuncVEP_CTE,FuncVEP_CTI,FuncVEP_SP	ENSG00000183873	""
absent_single_family	3-48595102-G-A	COL7A1	265469	Pathogenic/Likely pathogenic	FuncVEP_CTE,FuncVEP_CTI,FuncVEP_SP	ENSG00000114270	""
absent_single_family	3-48862545-G-A	SLC25A20	545967	Pathogenic	FuncVEP_CTE,FuncVEP_CTI,FuncVEP_SP	ENSG00000178537	""
absent_single_family	3-48862581-G-A	SLC25A20	12135	Pathogenic	FuncVEP_CTE,FuncVEP_CTI,FuncVEP_SP	ENSG00000178537	""
absent_single_family	3-49046490-G-A	QRICH1	620666	Pathogenic	FuncVEP_CTE,FuncVEP_CTI,FuncVEP_SP	ENSG00000198218	""
absent_single_family	3-50350001-G-A	NPRL2	254362	Conflicting classifications of pathogenicity	FuncVEP_CTE,FuncVEP_CTI,FuncVEP_SP	ENSG00000114388	""
absent_single_family	3-52402608-G-A	BAP1	30302	Pathogenic	FuncVEP_CTE,FuncVEP_CTI,FuncVEP_SP	ENSG00000163930	""
absent_single_family	3-52402811-T-A	""	""	""	FuncVEP_CTE,FuncVEP_CTI,FuncVEP_SP	ENSG00000163930	""
absent_single_family	3-52402824-A-T	BAP1	656678	Pathogenic	FuncVEP_CTE,FuncVEP_CTI,FuncVEP_SP	ENSG00000163930	""
absent_single_family	3-52403227-T-A	BAP1	1780409	Pathogenic	FuncVEP_CTE,FuncVEP_CTI,FuncVEP_SP	ENSG00000163930	""
absent_single_family	3-52403251-G-A	BAP1	422219	Pathogenic	FuncVEP_CTE,FuncVEP_CTI,FuncVEP_SP	ENSG00000163930	""
absent_single_family	3-52404490-C-A	BAP1	1171962	Pathogenic	FuncVEP_CTE,FuncVEP_CTI,FuncVEP_SP	ENSG00000163930	""
absent_single_family	3-52404521-G-T	""	""	""	FuncVEP_CTE,FuncVEP_CTI,FuncVEP_SP	ENSG00000163930	""
absent_single_family	3-52405270-G-T	""	""	""	FuncVEP_CTE,FuncVEP_CTI,FuncVEP_SP	ENSG00000163930	""
absent_single_family	3-52405867-G-A	""	""	""	FuncVEP_CTE,FuncVEP_CTI,FuncVEP_SP	ENSG00000163930	""
absent_single_family	3-52406875-T-A	""	""	""	FuncVEP_CTE,FuncVEP_CTI,FuncVEP_SP	ENSG00000163930	""
absent_single_family	3-52407987-T-A	""	""	""	FuncVEP_CTE,FuncVEP_CTI,FuncVEP_SP	ENSG00000163930	""
absent_single_family	3-69956460-C-T	MITF	14276	Pathogenic	FuncVEP_CTE,FuncVEP_CTI,FuncVEP_SP	ENSG00000187098	""
absent_single_family	3-69959325-C-T	MITF	372755	Pathogenic/Likely pathogenic	FuncVEP_CTE,FuncVEP_CTI,FuncVEP_SP	ENSG00000187098	""
absent_single_family	4-1002084-G-T	IDUA	987878	Pathogenic	FuncVEP_CTE,FuncVEP_CTI,FuncVEP_SP	ENSG00000127415	""
absent_single_family	4-1002747-G-A	IDUA	11908	Pathogenic	FuncVEP_CTE,FuncVEP_CTI,FuncVEP_SP	ENSG00000127415	""
absent_single_family	4-1004286-C-T	IDUA	280976	Pathogenic	FuncVEP_CTE,FuncVEP_CTI,FuncVEP_SP	ENSG00000127415	""
absent_single_family	4-1004292-C-T	IDUA	11917	Pathogenic	FuncVEP_CTE,FuncVEP_CTI,FuncVEP_SP	ENSG00000127415	""
absent_single_family	4-102664772-C-T	MANBA	929155	Pathogenic	FuncVEP_CTE,FuncVEP_CTI,FuncVEP_SP	ENSG00000109323	""
absent_single_family	4-102690752-C-T	MANBA	632877	Pathogenic	FuncVEP_CTE,FuncVEP_CTI,FuncVEP_SP	ENSG00000109323	""
absent_single_family	4-109746231-G-A	CFI	12121	Pathogenic/Likely pathogenic	FuncVEP_CTE,FuncVEP_CTI,FuncVEP_SP	ENSG00000205403	""
absent_single_family	4-163129259-G-A	NAF1	1695938	Conflicting classifications of pathogenicity	FuncVEP_CTE,FuncVEP_CTI,FuncVEP_SP	ENSG00000145414	""
absent_single_family	4-173529091-C-A	HAND2	545687	Pathogenic	FuncVEP_CTE,FuncVEP_CTI,FuncVEP_SP	ENSG00000164107	""
absent_single_family	4-1807260-T-G	FGFR3	16334	Pathogenic	ClinVEP_CTE,ClinVEP_CTI,ClinVEP_SP	ENSG00000068078	""
absent_single_family	4-73408735-C-T	ALB	156320	Pathogenic	FuncVEP_CTE,FuncVEP_CTI,FuncVEP_SP	ENSG00000163631	""
absent_single_family	4-88008202-C-T	PKD2	1256457	Pathogenic	FuncVEP_CTE,FuncVEP_CTI,FuncVEP_SP	ENSG00000118762	""
absent_single_family	4-88019464-G-A	PKD2	873375	Pathogenic	FuncVEP_CTE,FuncVEP_CTI,FuncVEP_SP	ENSG00000118762	""
absent_single_family	4-88019499-C-T	PKD2	543947	Pathogenic	FuncVEP_CTE,FuncVEP_CTI,FuncVEP_SP	ENSG00000118762	""
absent_single_family	4-88038323-C-T	PKD2	397507	Pathogenic	FuncVEP_CTE,FuncVEP_CTI,FuncVEP_SP	ENSG00000118762	""
absent_single_family	4-88038380-C-T	PKD2	411870	Pathogenic	FuncVEP_CTE,FuncVEP_CTI,FuncVEP_SP	ENSG00000118762	""
absent_single_family	4-88043296-T-G	PKD2	1256459	Pathogenic	FuncVEP_CTE,FuncVEP_CTI,FuncVEP_SP	ENSG00000118762	""
absent_single_family	4-88043387-C-T	PKD2	562248	Pathogenic/Likely pathogenic	FuncVEP_CTE,FuncVEP_CTI,FuncVEP_SP	ENSG00000118762	""
absent_single_family	4-88046712-C-T	PKD2	13521	Pathogenic	FuncVEP_CTE,FuncVEP_CTI,FuncVEP_SP	ENSG00000118762	""
absent_single_family	4-987858-C-T	IDUA;SLC26A1	11909	Pathogenic	FuncVEP_CTE,FuncVEP_CTI,FuncVEP_SP	ENSG00000127415	""
absent_single_family	5-112754960-C-T	APC	184702	Uncertain significance	FuncVEP_CTE,FuncVEP_CTI,FuncVEP_SP	ENSG00000134982	""
absent_single_family	5-112766335-A-T	APC	819274	Pathogenic	FuncVEP_CTE,FuncVEP_CTI,FuncVEP_SP	ENSG00000134982	""
absent_single_family	5-112766344-C-T	APC	490213	Pathogenic	FuncVEP_CTE,FuncVEP_CTI,FuncVEP_SP	ENSG00000134982	""
absent_single_family	5-112766393-T-A	APC	1697512	Pathogenic	FuncVEP_CTE,FuncVEP_CTI,FuncVEP_SP	ENSG00000134982	""
absent_single_family	5-112819026-C-T	APC	184937	Pathogenic	FuncVEP_CTE,FuncVEP_CTI,FuncVEP_SP	ENSG00000134982	""
absent_single_family	5-112821953-C-A	APC	433620	Pathogenic	FuncVEP_CTE,FuncVEP_CTI,FuncVEP_SP	ENSG00000134982	""
absent_single_family	5-112834982-T-G	APC	1330021	Pathogenic	FuncVEP_CTE,FuncVEP_CTI,FuncVEP_SP	ENSG00000134982	""
absent_single_family	5-112837691-G-A	APC	411387	Pathogenic	FuncVEP_CTE,FuncVEP_CTI,FuncVEP_SP	ENSG00000134982	""
absent_single_family	5-112837805-C-G	APC	968084	Pathogenic	FuncVEP_CTE,FuncVEP_CTI,FuncVEP_SP	ENSG00000134982	""
absent_single_family	5-112837982-T-G	APC	926508	Pathogenic	FuncVEP_CTE,FuncVEP_CTI,FuncVEP_SP	ENSG00000134982	""
absent_single_family	5-112838797-C-G	APC	490258	Pathogenic	FuncVEP_CTE,FuncVEP_CTI,FuncVEP_SP	ENSG00000134982	""
absent_single_family	5-112838923-C-G	APC	928634	Pathogenic	FuncVEP_CTE,FuncVEP_CTI,FuncVEP_SP	ENSG00000134982	""
absent_single_family	5-119456323-C-T	HSD17B4	371607	Pathogenic/Likely pathogenic	ClinVEP_CTE,ClinVEP_CTI,ClinVEP_SP	ENSG00000133835	""
absent_single_family	5-119536458-C-T	HSD17B4	551750	Pathogenic	FuncVEP_CTE,FuncVEP_CTI,FuncVEP_SP	ENSG00000133835	""
absent_single_family	5-1212353-C-T	SLC6A19	917714	Pathogenic	FuncVEP_CTE,FuncVEP_CTI,FuncVEP_SP	ENSG00000174358	""
absent_single_family	5-126552114-A-C	ALDH7A1	18000	Pathogenic	FuncVEP_CTE,FuncVEP_CTI,FuncVEP_SP	ENSG00000164904	""
absent_single_family	5-126583997-G-A	ALDH7A1	17995	Pathogenic	FuncVEP_CTE,FuncVEP_CTI,FuncVEP_SP	ENSG00000164904	""
absent_single_family	5-132588749-C-T	RAD50	126999	Pathogenic/Likely pathogenic	FuncVEP_CTE,FuncVEP_CTI,FuncVEP_SP	ENSG00000113522	""
absent_single_family	5-141524167-G-A	DIAPH1	228577	Pathogenic	FuncVEP_CTE,FuncVEP_CTI,FuncVEP_SP	ENSG00000131504	""
absent_single_family	5-141956898-G-T	PCDH12	3075985	Pathogenic/Likely pathogenic	FuncVEP_CTE,FuncVEP_CTI,FuncVEP_SP	ENSG00000113555	""
absent_single_family	5-146120383-G-A	LARS1	214577	Pathogenic/Likely pathogenic	FuncVEP_CTE,FuncVEP_CTI,FuncVEP_SP	ENSG00000133706	""
absent_single_family	5-149026872-G-A	SH3TC2	2482	Pathogenic/Likely pathogenic	FuncVEP_CTE,FuncVEP_CTI,FuncVEP_SP	ENSG00000169247	""
absent_single_family	5-149044543-G-T	SH3TC2	842178	Pathogenic/Likely pathogenic	FuncVEP_CTE,FuncVEP_CTI,FuncVEP_SP	ENSG00000169247	""
absent_single_family	5-149978184-C-T	SLC26A2	4092	Pathogenic	FuncVEP_CTE,FuncVEP_CTI,FuncVEP_SP	ENSG00000155850	""
absent_single_family	5-223509-C-T	SDHA	142601	Pathogenic/Likely pathogenic	FuncVEP_CTE,FuncVEP_CTI,FuncVEP_SP	ENSG00000073578	""
absent_single_family	5-42711291-C-T	GHR	8639	Pathogenic	FuncVEP_CTE,FuncVEP_CTI,FuncVEP_SP	ENSG00000112964	""
absent_single_family	5-53646371-C-T	NDUFS4	6889	Pathogenic	FuncVEP_CTE,FuncVEP_CTI,FuncVEP_SP	ENSG00000164258	""
absent_single_family	5-60944972-C-A	ERCC8;NDUFAF2	1716	Pathogenic/Likely pathogenic	FuncVEP_CTE,FuncVEP_CTI,FuncVEP_SP	ENSG00000049167	""
absent_single_family	5-60945264-G-A	NDUFAF2	496598	Pathogenic	FuncVEP_CTE,FuncVEP_CTI,FuncVEP_SP	ENSG00000164182	""
absent_single_family	5-60945369-C-G	ERCC8;NDUFAF2	419231	Pathogenic	FuncVEP_CTE,FuncVEP_CTI,FuncVEP_SP	ENSG00000164182	""
absent_single_family	5-61073136-C-T	NDUFAF2	1594	Pathogenic/Likely pathogenic	FuncVEP_CTE,FuncVEP_CTI,FuncVEP_SP	ENSG00000164182	""
absent_single_family	5-61541917-C-T	ZSWIM6	431797	Pathogenic/Likely pathogenic	FuncVEP_CTE,FuncVEP_CTI,FuncVEP_SP	ENSG00000130449	""
absent_single_family	5-69433088-C-T	MARVELD2	1198	Pathogenic/Likely pathogenic	FuncVEP_CTE,FuncVEP_CTI,FuncVEP_SP	ENSG00000152939	""
absent_single_family	5-74685406-C-A	HEXB	555683	Pathogenic	FuncVEP_CTE,FuncVEP_CTI,FuncVEP_SP	ENSG00000049860	""
absent_single_family	5-78780492-G-A	ARSB	559719	Pathogenic/Likely pathogenic	FuncVEP_CTE,FuncVEP_CTI,FuncVEP_SP	ENSG00000113273	""
absent_single_family	5-78885667-C-T	ARSB	559671	Pathogenic	FuncVEP_CTE,FuncVEP_CTI,FuncVEP_SP	ENSG00000113273	""
absent_single_family	5-78955440-G-C	ARSB	488822	Pathogenic	FuncVEP_CTE,FuncVEP_CTI,FuncVEP_SP	ENSG00000113273	""
absent_single_family	6-104791584-G-A	HACE1	870959	Pathogenic/Likely pathogenic	FuncVEP_CTE,FuncVEP_CTI,FuncVEP_SP	ENSG00000085382	""
absent_single_family	6-109467654-G-A	ZBTB24	31097	Pathogenic/Likely pathogenic	FuncVEP_CTE,FuncVEP_CTI,FuncVEP_SP	ENSG00000112365	""
absent_single_family	6-109732644-C-T	FIG4	1256225	Pathogenic/Likely pathogenic	FuncVEP_CTE,FuncVEP_CTI,FuncVEP_SP	ENSG00000112367	""
absent_single_family	6-110101594-G-A	WASF1	561980	Pathogenic	FuncVEP_CTE,FuncVEP_CTI,FuncVEP_SP	ENSG00000112290	""
absent_single_family	6-129270684-G-T	LAMA2	1807350	Pathogenic/Likely pathogenic	FuncVEP_CTE,FuncVEP_CTI,FuncVEP_SP	ENSG00000196569	""
absent_single_family	6-136898213-T-A	PEX7	7780	Pathogenic	FuncVEP_CTE,FuncVEP_CTI,FuncVEP_SP	ENSG00000112357	""
absent_single_family	6-137877081-C-T	TNFAIP3	219110	Pathogenic	FuncVEP_CTE,FuncVEP_CTI,FuncVEP_SP	ENSG00000118503	""
absent_single_family	6-152152132-G-A	SYNE1	632476	Pathogenic	FuncVEP_CTE,FuncVEP_CTI,FuncVEP_SP	ENSG00000131018	""
absent_single_family	6-152224553-G-A	SYNE1	995580	Pathogenic	FuncVEP_CTE,FuncVEP_CTI,FuncVEP_SP	ENSG00000131018	""
absent_single_family	6-152236240-G-A	SYNE1	242515	Pathogenic	FuncVEP_CTE,FuncVEP_CTI,FuncVEP_SP	ENSG00000131018	""
absent_single_family	6-152244647-G-A	SYNE1	1807204	Likely pathogenic	FuncVEP_CTE,FuncVEP_CTI,FuncVEP_SP	ENSG00000131018	""
absent_single_family	6-152310702-G-A	SYNE1	1256361	Pathogenic/Likely pathogenic	FuncVEP_CTE,FuncVEP_CTI,FuncVEP_SP	ENSG00000131018	""
absent_single_family	6-152318265-T-C	SYNE1	667389	Pathogenic/Likely pathogenic	FuncVEP_CTE,FuncVEP_CTI,FuncVEP_SP	ENSG00000131018	""
absent_single_family	6-152330185-G-A	SYNE1	1454758	Pathogenic	FuncVEP_CTE,FuncVEP_CTI,FuncVEP_SP	ENSG00000131018	""
absent_single_family	6-152330395-G-A	SYNE1	1807169	Pathogenic/Likely pathogenic	FuncVEP_CTE,FuncVEP_CTI,FuncVEP_SP	ENSG00000131018	""
absent_single_family	6-152369497-T-A	SYNE1	242514	Pathogenic/Likely pathogenic	FuncVEP_CTE,FuncVEP_CTI,FuncVEP_SP	ENSG00000131018	""
absent_single_family	6-152376840-G-A	SYNE1	994531	Pathogenic/Likely pathogenic	FuncVEP_CTE,FuncVEP_CTI,FuncVEP_SP	ENSG00000131018	""
absent_single_family	6-152381320-T-A	SYNE1	2327	Pathogenic	FuncVEP_CTE,FuncVEP_CTI,FuncVEP_SP	ENSG00000131018	""
absent_single_family	6-152387272-G-A	SYNE1	937252	Pathogenic/Likely pathogenic	FuncVEP_CTE,FuncVEP_CTI,FuncVEP_SP	ENSG00000131018	""
absent_single_family	6-152510214-C-T	SYNE1	1807214	Pathogenic	FuncVEP_CTE,FuncVEP_CTI,FuncVEP_SP	ENSG00000131018	""
absent_single_family	6-157181137-C-T	ARID1B	31210	Pathogenic	FuncVEP_CTE,FuncVEP_CTI,FuncVEP_SP	ENSG00000049618	""
absent_single_family	6-1610761-C-T	FOXC1	375424	Pathogenic	FuncVEP_CTE,FuncVEP_CTI,FuncVEP_SP	ENSG00000054598	""
absent_single_family	6-161785839-A-T	PRKN	805244	Pathogenic	FuncVEP_CTE,FuncVEP_CTI,FuncVEP_SP	ENSG00000185345	""
absent_single_family	6-31859797-G-C	NEU1	218332	Pathogenic	FuncVEP_CTE,FuncVEP_CTI,FuncVEP_SP	ENSG00000204386	""
absent_single_family	6-31968877-C-T	SKIC2	1323596	Pathogenic	FuncVEP_CTE,FuncVEP_CTI,FuncVEP_SP	ENSG00000204351	""
absent_single_family	6-32040421-C-T	CYP21A2;LOC106780800;TNXB	12169	Pathogenic	FuncVEP_CTE,FuncVEP_CTI,FuncVEP_SP	ENSG00000231852	""
absent_single_family	6-33446710-C-T	SYNGAP1	225077	Pathogenic	FuncVEP_CTE,FuncVEP_CTI,FuncVEP_SP	ENSG00000197283	""
absent_single_family	6-7542038-C-G	DSP	388263	Pathogenic/Likely pathogenic	FuncVEP_CTE,FuncVEP_CTI,FuncVEP_SP	ENSG00000096696	""
absent_single_family	6-7559281-C-T	DSP	44922	Pathogenic/Likely pathogenic	FuncVEP_CTE,FuncVEP_CTI,FuncVEP_SP	ENSG00000096696	""
absent_single_family	6-7571578-C-T	DSP	836231	Pathogenic	FuncVEP_CTE,FuncVEP_CTI,FuncVEP_SP	ENSG00000096696	""
absent_single_family	6-7575386-C-A	DSP	374137	Pathogenic	FuncVEP_CTE,FuncVEP_CTI,FuncVEP_SP	ENSG00000096696	""
absent_single_family	6-7579506-G-T	DSP	429921	Pathogenic/Likely pathogenic	FuncVEP_CTE,FuncVEP_CTI,FuncVEP_SP	ENSG00000096696	""
absent_single_family	6-7579527-C-T	DSP	405247	Pathogenic/Likely pathogenic	FuncVEP_CTE,FuncVEP_CTI,FuncVEP_SP	ENSG00000096696	""
absent_single_family	6-7579983-G-T	DSP	523474	Pathogenic/Likely pathogenic	FuncVEP_CTE,FuncVEP_CTI,FuncVEP_SP	ENSG00000096696	""
absent_single_family	6-7579989-C-T	DSP	16845	Pathogenic/Likely pathogenic	FuncVEP_CTE,FuncVEP_CTI,FuncVEP_SP	ENSG00000096696	""
absent_single_family	6-7579995-C-T	DSP	199881	Pathogenic/Likely pathogenic	FuncVEP_CTE,FuncVEP_CTI,FuncVEP_SP	ENSG00000096696	""
absent_single_family	6-7580562-C-T	DSP	534283	Pathogenic/Likely pathogenic	FuncVEP_CTE,FuncVEP_CTI,FuncVEP_SP	ENSG00000096696	""
absent_single_family	6-7580721-C-T	DSP	44914	Pathogenic	FuncVEP_CTE,FuncVEP_CTI,FuncVEP_SP	ENSG00000096696	""
absent_single_family	6-75914119-C-T	MYO6	8579	Pathogenic	FuncVEP_CTE,FuncVEP_CTI,FuncVEP_SP	ENSG00000196586	""
absent_single_family	6-98899282-G-A	FBXL4	66091	Pathogenic	FuncVEP_CTE,FuncVEP_CTI,FuncVEP_SP	ENSG00000112234	""
absent_single_family	7-114642616-C-T	FOXP2	5068	Pathogenic	FuncVEP_CTE,FuncVEP_CTI,FuncVEP_SP	ENSG00000128573	""
absent_single_family	7-117509039-G-A	CFTR	53355	Pathogenic	FuncVEP_CTE,FuncVEP_CTI,FuncVEP_SP	ENSG00000001626	""
absent_single_family	7-117509047-G-T	CFTR	38730	Pathogenic	FuncVEP_CTE,FuncVEP_CTI,FuncVEP_SP	ENSG00000001626	""
absent_single_family	7-117611717-C-A	CFTR	38728	Pathogenic	FuncVEP_CTE,FuncVEP_CTI,FuncVEP_SP	ENSG00000001626	""
absent_single_family	7-143342500-C-G	CLCN1	840773	Pathogenic	FuncVEP_CTE,FuncVEP_CTI,FuncVEP_SP	ENSG00000188037	""
absent_single_family	7-143351678-C-T	CLCN1	17545	Pathogenic/Likely pathogenic	FuncVEP_CTE,FuncVEP_CTI,FuncVEP_SP	ENSG00000188037	""
absent_single_family	7-144400250-G-A	NOBOX	167873	Pathogenic	FuncVEP_CTE,FuncVEP_CTI,FuncVEP_SP	ENSG00000106410	""
absent_single_family	7-15365564-G-A	AGMO	501883	Conflicting classifications of pathogenicity	FuncVEP_CTE,FuncVEP_CTI,FuncVEP_SP	ENSG00000187546	""
absent_single_family	7-44145637-G-T	GCK	617645	Pathogenic	FuncVEP_CTE,FuncVEP_CTI,FuncVEP_SP	ENSG00000106633	""
absent_single_family	7-65967863-C-T	GUSB	900	Pathogenic	FuncVEP_CTE,FuncVEP_CTI,FuncVEP_SP	ENSG00000169919	""
absent_single_family	7-65974349-C-T	GUSB	495724	Pathogenic	FuncVEP_CTE,FuncVEP_CTI,FuncVEP_SP	ENSG00000169919	""
absent_single_family	7-65974701-G-A	GUSB	908	Pathogenic/Likely pathogenic	FuncVEP_CTE,FuncVEP_CTI,FuncVEP_SP	ENSG00000169919	""
absent_single_family	7-92222870-G-A	KRIT1	5721	Pathogenic	FuncVEP_CTE,FuncVEP_CTI,FuncVEP_SP	ENSG00000001631	""
absent_single_family	7-92222966-G-A	KRIT1	265216	Pathogenic	FuncVEP_CTE,FuncVEP_CTI,FuncVEP_SP	ENSG00000001631	""
absent_single_family	8-104392804-G-A	DPYS	446083	Pathogenic/Likely pathogenic	FuncVEP_CTE,FuncVEP_CTI,FuncVEP_SP	ENSG00000147647	""
absent_single_family	8-118110797-G-A	EXT1	419258	Pathogenic	FuncVEP_CTE,FuncVEP_CTI,FuncVEP_SP	ENSG00000182197	""
absent_single_family	8-19951791-G-A	LPL	1541	Pathogenic	FuncVEP_CTE,FuncVEP_CTI,FuncVEP_SP	ENSG00000175445	""
absent_single_family	8-20220382-C-T	ATP6V1B2	203442	Pathogenic	FuncVEP_CTE,FuncVEP_CTI,FuncVEP_SP	ENSG00000147416	""
absent_single_family	8-31132498-C-T	WRN	362809	Pathogenic/Likely pathogenic	FuncVEP_CTE,FuncVEP_CTI,FuncVEP_SP	ENSG00000165392	""
absent_single_family	8-31157461-C-T	WRN	5444	Pathogenic	FuncVEP_CTE,FuncVEP_CTI,FuncVEP_SP	ENSG00000165392	""
absent_single_family	8-38144359-G-A	STAR	8987	Pathogenic	FuncVEP_CTE,FuncVEP_CTI,FuncVEP_SP	ENSG00000147465	""
absent_single_family	8-42437113-G-A	SLC20A2	620147	Pathogenic	FuncVEP_CTE,FuncVEP_CTI,FuncVEP_SP	ENSG00000168575	""
absent_single_family	8-60838115-C-T	CHD7	267430	Pathogenic	FuncVEP_CTE,FuncVEP_CTI,FuncVEP_SP	ENSG00000171316	""
absent_single_family	8-60852046-T-G	CHD7	1809741	Pathogenic	FuncVEP_CTE,FuncVEP_CTI,FuncVEP_SP	ENSG00000171316	""
absent_single_family	8-60862244-C-T	CHD7	418655	Pathogenic	FuncVEP_CTE,FuncVEP_CTI,FuncVEP_SP	ENSG00000171316	""
absent_single_family	8-76983806-G-A	PEX2	549898	Pathogenic/Likely pathogenic	FuncVEP_CTE,FuncVEP_CTI,FuncVEP_SP	ENSG00000164751	""
absent_single_family	8-76983824-G-A	PEX2	13704	Pathogenic	FuncVEP_CTE,FuncVEP_CTI,FuncVEP_SP	ENSG00000164751	""
absent_single_family	8-89958760-G-T	NBN	6947	Pathogenic	FuncVEP_CTE,FuncVEP_CTI,FuncVEP_SP	ENSG00000104320	""
absent_single_family	8-89970418-A-C	NBN	190228	Pathogenic	FuncVEP_CTE,FuncVEP_CTI,FuncVEP_SP	ENSG00000104320	""
absent_single_family	8-99818529-C-T	VPS13B	56694	Pathogenic	FuncVEP_CTE,FuncVEP_CTI,FuncVEP_SP	ENSG00000132549	""
absent_single_family	9-127817175-A-T	ENG	213213	Pathogenic	FuncVEP_CTE,FuncVEP_CTI,FuncVEP_SP	ENSG00000106991	""
absent_single_family	9-127825273-G-C	ENG	916698	Pathogenic	FuncVEP_CTE,FuncVEP_CTI,FuncVEP_SP	ENSG00000106991	""
absent_single_family	9-127826522-G-A	ENG	439644	Pathogenic	FuncVEP_CTE,FuncVEP_CTI,FuncVEP_SP	ENSG00000106991	""
absent_single_family	9-128222859-A-T	DNM1	1472715	Pathogenic/Likely pathogenic	ClinVEP_CTE,ClinVEP_CTI,ClinVEP_SP	ENSG00000106976	""
absent_single_family	9-131506437-G-A	POMT1	956205	Pathogenic/Likely pathogenic	ClinVEP_CTE,ClinVEP_CTI,ClinVEP_SP	ENSG00000130714	""
absent_single_family	9-132329370-G-C	SETX	1807021	Likely pathogenic	FuncVEP_CTE,FuncVEP_CTI,FuncVEP_SP	ENSG00000107290	""
absent_single_family	9-132897538-G-A	TSC1	64826	Pathogenic	FuncVEP_CTE,FuncVEP_CTI,FuncVEP_SP	ENSG00000165699	""
absent_single_family	9-132902769-G-A	TSC1	48921	Pathogenic	FuncVEP_CTE,FuncVEP_CTI,FuncVEP_SP	ENSG00000165699	""
absent_single_family	9-132903785-G-A	TSC1	48885	Pathogenic	FuncVEP_CTE,FuncVEP_CTI,FuncVEP_SP	ENSG00000165699	""
absent_single_family	9-132905618-G-A	TSC1	48858	Pathogenic	FuncVEP_CTE,FuncVEP_CTI,FuncVEP_SP	ENSG00000165699	""
absent_single_family	9-132906053-G-A	TSC1	48796	Pathogenic	FuncVEP_CTE,FuncVEP_CTI,FuncVEP_SP	ENSG00000165699	""
absent_single_family	9-133352509-G-A	SURF1	280010	Pathogenic	FuncVEP_CTE,FuncVEP_CTI,FuncVEP_SP	ENSG00000148290	""
absent_single_family	9-32974495-C-T	APTX	4431	Pathogenic	FuncVEP_CTE,FuncVEP_CTI,FuncVEP_SP	ENSG00000137074	""
absent_single_family	9-32989768-G-A	APTX	420789	Pathogenic/Likely pathogenic	FuncVEP_CTE,FuncVEP_CTI,FuncVEP_SP	ENSG00000137074	""
absent_single_family	9-35808557-C-T	NPR2	449721	Pathogenic	FuncVEP_CTE,FuncVEP_CTI,FuncVEP_SP	ENSG00000159899	""
absent_single_family	9-72694578-C-T	TMC1	4103	Pathogenic	FuncVEP_CTE,FuncVEP_CTI,FuncVEP_SP	ENSG00000165091	""
absent_single_family	9-72789258-C-T	TMC1	47856	Pathogenic	FuncVEP_CTE,FuncVEP_CTI,FuncVEP_SP	ENSG00000165091	""
absent_single_family	9-72805491-G-A	TMC1	228406	Pathogenic/Likely pathogenic	FuncVEP_CTE,FuncVEP_CTI,FuncVEP_SP	ENSG00000165091	""
absent_single_family	9-95101742-G-A	FANCC	12047	Pathogenic/Likely pathogenic	FuncVEP_CTE,FuncVEP_CTI,FuncVEP_SP	ENSG00000158169	""
absent_single_family	9-95107206-G-A	FANCC	584737	Pathogenic	FuncVEP_CTE,FuncVEP_CTI,FuncVEP_SP	ENSG00000158169	""
absent_single_family	9-95955996-C-T	ERCC6L2	125449	Pathogenic	FuncVEP_CTE,FuncVEP_CTI,FuncVEP_SP	ENSG00000182150	""
absent_single_family	9-97684965-G-A	XPA	551809	Pathogenic/Likely pathogenic	FuncVEP_CTE,FuncVEP_CTI,FuncVEP_SP	ENSG00000136936	""
absent_single_family	X-108677631-C-T	COL4A5	1256326	Pathogenic	FuncVEP_CTE,FuncVEP_CTI,FuncVEP_SP	ENSG00000188153	""
absent_single_family	X-108692924-C-T	COL4A5	24755	Pathogenic	FuncVEP_CTE,FuncVEP_CTI,FuncVEP_SP	ENSG00000188153	""
absent_single_family	X-108696349-C-T	COL4A5	24786	Pathogenic	FuncVEP_CTE,FuncVEP_CTI,FuncVEP_SP	ENSG00000188153	""
absent_single_family	X-110317643-A-T	AMMECR1	446130	Likely pathogenic	FuncVEP_CTE,FuncVEP_CTI,FuncVEP_SP	ENSG00000101935	""
absent_single_family	X-111410284-G-A	DCX	158425	Pathogenic	FuncVEP_CTE,FuncVEP_CTI,FuncVEP_SP	ENSG00000077279	""
absent_single_family	X-131274800-G-A	IGSF1	1033351	Pathogenic	FuncVEP_CTE,FuncVEP_CTI,FuncVEP_SP	ENSG00000147255	""
absent_single_family	X-133302929-G-A	GPC4	2584833	Conflicting classifications of pathogenicity	FuncVEP_CTE,FuncVEP_CTI,FuncVEP_SP	ENSG00000076716	""
absent_single_family	X-153693969-G-A	SLC6A8	3066435	Pathogenic	FuncVEP_CTE,FuncVEP_CTI,FuncVEP_SP	ENSG00000130821	""
absent_single_family	X-153906621-C-T	AVPR2	10844	Pathogenic	FuncVEP_CTE,FuncVEP_CTI,FuncVEP_SP	ENSG00000126895	""
absent_single_family	X-154030948-G-A	MECP2	11819	Pathogenic	FuncVEP_CTE,FuncVEP_CTI,FuncVEP_SP	ENSG00000169057	""
absent_single_family	X-154031020-G-A	MECP2	11815	Pathogenic	FuncVEP_CTE,FuncVEP_CTI,FuncVEP_SP	ENSG00000169057	""
absent_single_family	X-154031065-G-A	MECP2	11829	Pathogenic/Likely pathogenic	FuncVEP_CTE,FuncVEP_CTI,FuncVEP_SP	ENSG00000169057	""
absent_single_family	X-154031326-G-A	MECP2	11828	Pathogenic	FuncVEP_CTE,FuncVEP_CTI,FuncVEP_SP	ENSG00000169057	""
absent_single_family	X-154552186-C-T	IKBKG	11452	Pathogenic	FuncVEP_CTE,FuncVEP_CTI,FuncVEP_SP	ENSG00000269335	""
absent_single_family	X-154953991-G-A	F8	10232	Pathogenic	FuncVEP_CTE,FuncVEP_CTI,FuncVEP_SP	ENSG00000185010	""
absent_single_family	X-18575383-C-T	CDKL5	143783	Pathogenic	FuncVEP_CTE,FuncVEP_CTI,FuncVEP_SP	ENSG00000008086	""
absent_single_family	X-30304581-A-G	NR0B1	978419	Likely pathogenic	FuncVEP_CTE,FuncVEP_CTI,FuncVEP_SP	ENSG00000169297	""
absent_single_family	X-30308610-G-A	NR0B1	1723064	Pathogenic	FuncVEP_CTE,FuncVEP_CTI,FuncVEP_SP	ENSG00000169297	""
absent_single_family	X-30309050-C-T	NR0B1	2443603	Pathogenic	FuncVEP_CTE,FuncVEP_CTI,FuncVEP_SP	ENSG00000169297	""
absent_single_family	X-31444621-G-A	DMD	11211	Pathogenic	FuncVEP_CTE,FuncVEP_CTI,FuncVEP_SP	ENSG00000198947	""
absent_single_family	X-31729634-G-A	DMD	94772	Pathogenic	FuncVEP_CTE,FuncVEP_CTI,FuncVEP_SP	ENSG00000198947	""
absent_single_family	X-32345999-G-A	DMD	94669	Pathogenic	FuncVEP_CTE,FuncVEP_CTI,FuncVEP_SP	ENSG00000198947	""
absent_single_family	X-32348483-G-A	DMD	593327	Pathogenic	FuncVEP_CTE,FuncVEP_CTI,FuncVEP_SP	ENSG00000198947	""
absent_single_family	X-32464690-G-A	DMD	1322535	Pathogenic	FuncVEP_CTE,FuncVEP_CTI,FuncVEP_SP	ENSG00000198947	""
absent_single_family	X-32573766-C-T	DMD	217181	Pathogenic	FuncVEP_CTE,FuncVEP_CTI,FuncVEP_SP	ENSG00000198947	""
absent_single_family	X-37798956-C-T	CYBB	10929	Pathogenic	FuncVEP_CTE,FuncVEP_CTI,FuncVEP_SP	ENSG00000165168	""
absent_single_family	X-50092130-C-T	CLCN5	208000	Pathogenic	FuncVEP_CTE,FuncVEP_CTI,FuncVEP_SP	ENSG00000171365	""
absent_single_family	X-64921843-G-A	ZC4H2	429826	Pathogenic/Likely pathogenic	FuncVEP_CTE,FuncVEP_CTI,FuncVEP_SP	ENSG00000126970	""
absent_single_family	X-71108336-G-A	IL2RG	36389	Pathogenic	FuncVEP_CTE,FuncVEP_CTI,FuncVEP_SP	ENSG00000147168	""
absent_single_family	X-71148115-G-A	NLGN3	2443311	Pathogenic	FuncVEP_CTE,FuncVEP_CTI,FuncVEP_SP	ENSG00000196338	""
absent_single_family	X-78012986-C-G	ATP7A	1806151	Pathogenic	FuncVEP_CTE,FuncVEP_CTI,FuncVEP_SP	ENSG00000165240	""
scored_despite_training	1-11027215-T-G	MASP2	291777	Benign/Likely benign	ClinVEP_CTE,ClinVEP_CTI,ClinVEP_SP	ENSG00000120948	ENSG00000009724
scored_despite_training	1-11027630-C-T	MASP2	291782	Benign/Likely benign	ClinVEP_CTE,ClinVEP_CTI,ClinVEP_SP	ENSG00000120948	ENSG00000009724
scored_despite_training	1-45343310-G-A	MUTYH;TOE1	445370	Benign/Likely benign	ClinVEP_CTE,ClinVEP_CTI,ClinVEP_SP	ENSG00000132781	ENSG00000132773
scored_despite_training	1-45343548-C-T	MUTYH;TOE1	777908	Benign/Likely benign	ClinVEP_CTE,ClinVEP_CTI,ClinVEP_SP	ENSG00000132781	ENSG00000132773
scored_despite_training	1-46220120-A-G	LURAP1	403064	Benign	ClinVEP_CTE,ClinVEP_CTI,ClinVEP_SP	ENSG00000085998	ENSG00000171357
scored_despite_training	10-71751727-G-A	CDH23	1684840	Benign/Likely benign	ClinVEP_CTE,ClinVEP_CTI,ClinVEP_SP	ENSG00000107736	ENSG00000107738
scored_despite_training	10-71760875-A-C	CDH23	802586	Benign	ClinVEP_CTE,ClinVEP_CTI,ClinVEP_SP	ENSG00000107736	ENSG00000107738
scored_despite_training	10-71773420-A-G	CDH23	802587	Benign	ClinVEP_CTE,ClinVEP_CTI,ClinVEP_SP	ENSG00000107736	ENSG00000107738
scored_despite_training	10-71814971-A-C	CDH23	46079	Benign/Likely benign	ClinVEP_CTE,ClinVEP_CTI,ClinVEP_SP	ENSG00000197746	ENSG00000107736
scored_despite_training	10-87862096-T-C	KLLN;PTEN	1337856	Benign/Likely benign	ClinVEP_CTE,ClinVEP_CTI,ClinVEP_SP	ENSG00000171862	ENSG00000227268
scored_despite_training	10-87862106-G-C	KLLN;PTEN	1174734	Benign/Likely benign	ClinVEP_CTE,ClinVEP_CTI,ClinVEP_SP	ENSG00000171862	ENSG00000227268
scored_despite_training	11-68903809-A-G	IGHMBP2	1264772	Benign	ClinVEP_CTE,ClinVEP_CTI,ClinVEP_SP	ENSG00000132740	ENSG00000197345
scored_despite_training	13-48411859-C-T	LPAR6	1829	Pathogenic/Likely pathogenic	ClinVEP_CTE,ClinVEP_CTI,ClinVEP_SP	ENSG00000139687	ENSG00000139679
scored_despite_training	14-105314962-C-T	PACS2	1556914	Likely benign	ClinVEP_CTE,ClinVEP_CTI,ClinVEP_SP	ENSG00000185024	ENSG00000179364
scored_despite_training	14-24100195-G-A	PCK2	559138	Benign	ClinVEP_CTE,ClinVEP_CTI,ClinVEP_SP	ENSG00000129535	ENSG00000100889
scored_despite_training	14-24103603-G-A	PCK2	559142	Benign	ClinVEP_CTE,ClinVEP_CTI,ClinVEP_SP	ENSG00000129535	ENSG00000100889
scored_despite_training	14-24103782-G-A	PCK2	2041016	Benign/Likely benign	ClinVEP_CTE,ClinVEP_CTI,ClinVEP_SP	ENSG00000129535	ENSG00000100889
scored_despite_training	14-73949995-C-G	COQ6	1234053	Benign	ClinVEP_CTE,ClinVEP_CTI,ClinVEP_SP	ENSG00000119723	ENSG00000156050
scored_despite_training	15-89316419-G-A	FANCI	456221	Likely benign	ClinVEP_CTE,ClinVEP_CTI,ClinVEP_SP	ENSG00000140521	ENSG00000140525
scored_despite_training	15-89333595-G-A	POLG	598699	Pathogenic/Likely pathogenic	FuncVEP_CTE,FuncVEP_CTI,FuncVEP_SP	ENSG00000140521	ENSG00000291307
scored_despite_training	16-79211692-C-T	WWOX	235284	Benign/Likely benign	ClinVEP_CTE,ClinVEP_CTI,ClinVEP_SP	ENSG00000178573	ENSG00000186153
scored_despite_training	16-79211693-G-A	WWOX	410089	Likely benign	ClinVEP_CTE,ClinVEP_CTI,ClinVEP_SP	ENSG00000178573	ENSG00000186153
scored_despite_training	16-79211789-C-A	WWOX	241099	Benign	ClinVEP_CTE,ClinVEP_CTI,ClinVEP_SP	ENSG00000178573	ENSG00000186153
scored_despite_training	16-8797614-T-C	PMM2;TMEM186	702357	Benign/Likely benign	ClinVEP_CTE,ClinVEP_CTI,ClinVEP_SP	ENSG00000140650	ENSG00000184857
scored_despite_training	16-89738216-G-C	FANCA	321317	Benign	ClinVEP_CTE,ClinVEP_CTI,ClinVEP_SP	ENSG00000187741	ENSG00000158805
scored_despite_training	17-31295028-A-G	OMG	445498	Likely benign	ClinVEP_CTE,ClinVEP_CTI,ClinVEP_SP	ENSG00000196712	ENSG00000126861
scored_despite_training	17-31295110-T-C	NF1;OMG	445481	Likely benign	ClinVEP_CTE,ClinVEP_CTI,ClinVEP_SP	ENSG00000196712	ENSG00000126861
scored_despite_training	17-31304591-G-C	NF1	235483	Benign/Likely benign	ClinVEP_CTE,ClinVEP_CTI,ClinVEP_SP	ENSG00000196712	ENSG00000185862
scored_despite_training	17-31304852-C-A	EVI2B	446081	Benign/Likely benign	ClinVEP_CTE,ClinVEP_CTI,ClinVEP_SP	ENSG00000196712	ENSG00000185862
scored_despite_training	17-31305453-C-T	EVI2B	376784	Benign/Likely benign	ClinVEP_CTE,ClinVEP_CTI,ClinVEP_SP	ENSG00000196712	ENSG00000185862
scored_despite_training	17-31318487-T-C	EVI2A	377247	Benign/Likely benign	ClinVEP_CTE,ClinVEP_CTI,ClinVEP_SP	ENSG00000196712	ENSG00000126860
scored_despite_training	17-31318976-T-C	NF1	445615	Likely benign	ClinVEP_CTE,ClinVEP_CTI,ClinVEP_SP	ENSG00000196712	ENSG00000126860
scored_despite_training	17-68420363-T-C	ARSG	731552	Likely benign	ClinVEP_CTE,ClinVEP_CTI,ClinVEP_SP	ENSG00000108946	ENSG00000141337
scored_despite_training	17-80099686-G-A	CCDC40	95880	Benign/Likely benign	ClinVEP_CTE,ClinVEP_CTI,ClinVEP_SP	ENSG00000171298	ENSG00000141519
scored_despite_training	19-55159283-C-T	DNAAF3	369295	Benign/Likely benign	ClinVEP_CTE,ClinVEP_CTI,ClinVEP_SP	ENSG00000129991	ENSG00000167646
scored_despite_training	19-55160687-A-G	DNAAF3	257679	Benign/Likely benign	ClinVEP_CTE,ClinVEP_CTI,ClinVEP_SP	ENSG00000129991	ENSG00000167646
scored_despite_training	19-55161102-T-C	DNAAF3	257676	Benign/Likely benign	ClinVEP_CTE,ClinVEP_CTI,ClinVEP_SP	ENSG00000129991	ENSG00000167646
scored_despite_training	19-55161777-C-T	DNAAF3	257691	Benign/Likely benign	ClinVEP_CTE,ClinVEP_CTI,ClinVEP_SP	ENSG00000129991	ENSG00000167646
scored_despite_training	2-44321418-C-T	PREPL	436413	Benign/Likely benign	ClinVEP_CTE,ClinVEP_CTI,ClinVEP_SP	ENSG00000138079	ENSG00000138078
scored_despite_training	20-10413863-T-C	MKKS	337700	Likely benign	ClinVEP_CTE,ClinVEP_CTI,ClinVEP_SP	ENSG00000125863	ENSG00000285508
scored_despite_training	3-149167136-C-T	HPS3	343713	Likely benign	ClinVEP_CTE,ClinVEP_CTI,ClinVEP_SP	ENSG00000047457	ENSG00000163755
scored_despite_training	4-989272-T-C	SLC26A1	1166787	Benign	ClinVEP_CTE,ClinVEP_CTI,ClinVEP_SP	ENSG00000127415	ENSG00000145217
scored_despite_training	4-989390-C-T	SLC26A1	445364	Benign/Likely benign	ClinVEP_CTE,ClinVEP_CTI,ClinVEP_SP	ENSG00000127415	ENSG00000145217
scored_despite_training	4-989428-C-T	SLC26A1	725873	Likely benign	ClinVEP_CTE,ClinVEP_CTI,ClinVEP_SP	ENSG00000127415	ENSG00000145217
scored_despite_training	4-989606-C-T	SLC26A1	1168586	Benign	ClinVEP_CTE,ClinVEP_CTI,ClinVEP_SP	ENSG00000127415	ENSG00000145217
scored_despite_training	4-989824-C-T	SLC26A1	376863	Benign/Likely benign	ClinVEP_CTE,ClinVEP_CTI,ClinVEP_SP	ENSG00000127415	ENSG00000145217
scored_despite_training	4-989837-C-T	SLC26A1	1168947	Benign	ClinVEP_CTE,ClinVEP_CTI,ClinVEP_SP	ENSG00000127415	ENSG00000145217
scored_despite_training	4-989896-A-G	SLC26A1	64577	Conflicting classifications of pathogenicity	ClinVEP_CTE,ClinVEP_CTI,ClinVEP_SP	ENSG00000127415	ENSG00000145217
scored_despite_training	4-990110-C-T	SLC26A1	778135	Benign	ClinVEP_CTE,ClinVEP_CTI,ClinVEP_SP	ENSG00000127415	ENSG00000145217
scored_despite_training	4-991160-T-C	SLC26A1	719666	Likely benign	ClinVEP_CTE,ClinVEP_CTI,ClinVEP_SP	ENSG00000127415	ENSG00000145217
scored_despite_training	4-991523-G-A	SLC26A1	1601240	Benign/Likely benign	ClinVEP_CTE,ClinVEP_CTI,ClinVEP_SP	ENSG00000127415	ENSG00000145217
scored_despite_training	4-991532-G-A	SLC26A1	2654539	Likely benign	ClinVEP_CTE,ClinVEP_CTI,ClinVEP_SP	ENSG00000127415	ENSG00000145217
scored_despite_training	4-991581-G-C	IDUA;SLC26A1	1166796	Benign/Likely benign	ClinVEP_CTE,ClinVEP_CTI,ClinVEP_SP	ENSG00000127415	ENSG00000145217
scored_despite_training	4-991630-C-T	SLC26A1	1639378	Likely benign	ClinVEP_CTE,ClinVEP_CTI,ClinVEP_SP	ENSG00000127415	ENSG00000145217
scored_despite_training	6-43516794-G-A	POLR1C	1216052	Likely benign	ClinVEP_CTE,ClinVEP_CTI,ClinVEP_SP	ENSG00000171453	ENSG00000137207
scored_despite_training	6-43551437-T-C	XPO5	1316590	Benign/Likely benign	ClinVEP_CTE,ClinVEP_CTI,ClinVEP_SP	ENSG00000171453	ENSG00000124571
scored_despite_training	6-5260703-A-C	LYRM4	380035	Benign	ClinVEP_CTE,ClinVEP_CTI,ClinVEP_SP	ENSG00000145982	ENSG00000214113
scored_despite_training	7-92528821-C-T	LOC129998797;PEX1;RBM48	776237	Benign/Likely benign	ClinVEP_CTE,ClinVEP_CTI,ClinVEP_SP	ENSG00000127980	ENSG00000127993
scored_despite_training	9-133356665-C-T	SURF1	1292593	Benign	ClinVEP_CTE,ClinVEP_CTI,ClinVEP_SP	ENSG00000148290	ENSG00000148291
scored_despite_training	X-19361522-G-C	MAP3K15;PDHA1	376916	Benign	ClinVEP_CTE,ClinVEP_CTI,ClinVEP_SP	ENSG00000131828	ENSG00000180815
scored_despite_training	X-41696517-A-G	GPR34	235298	Benign/Likely benign	ClinVEP_CTE,ClinVEP_CTI,ClinVEP_SP	ENSG00000147044	ENSG00000171659
scored_despite_training	X-41727580-G-A	CASK;GPR82	377016	Likely benign	ClinVEP_CTE,ClinVEP_CTI,ClinVEP_SP	ENSG00000147044	ENSG00000171657
